q,breakouts,cont5,fail3,er30,atr_pct,ac1,symbol,trades,exp_R
2020Q1,38,0.862857426117067,0.4473684210526316,0.2266227556734329,3.765797624159527,-0.06277616465464356,ETH,11.0,0.3364484822158935
2020Q2,39,0.46938857573517684,0.358974358974359,0.19646266610542867,2.301604486456167,-0.04877231774838808,ETH,12.0,0.6468058259598602
2020Q3,41,0.29334755920399536,0.4878048780487805,0.21846996488585257,2.482384510098962,-0.044518627670009414,ETH,14.0,0.43790025040643743
2020Q4,39,0.7834449152866093,0.46153846153846156,0.20692597794495532,2.43912692426524,-0.013537880236849565,ETH,15.0,0.16758510138248678
2021Q1,29,1.2145911640096514,0.4827586206896552,0.18381545550373599,4.161479099724328,-0.07089035754245814,ETH,13.0,0.26177097321353865
2021Q2,20,0.6407931916242294,0.6,0.20095629086326222,4.470380937589649,-0.06647014968079173,ETH,9.0,-0.005047542378095867
2021Q3,17,0.5298804364607069,0.5882352941176471,0.20968913773670744,2.9478461136099203,-0.02564652315432158,ETH,8.0,-0.38058018103090324
2021Q4,16,-0.1206789562694551,0.5,0.1640529380952584,2.46358933900608,-0.034000033198582115,ETH,8.0,-0.23384290172676572
2022Q1,24,0.3463301158234384,0.6666666666666666,0.22456050297952446,2.735978178665717,0.04032346049658922,ETH,9.0,0.13428835325076172
2022Q2,10,-1.0477429103048381,0.7,0.19417547216547978,3.082732588606311,-0.03219137163499622,ETH,2.0,1.5274763228196704
2022Q3,16,-0.840431891441365,0.5625,0.21922094073630538,2.979497465740258,-0.01073986016028743,ETH,5.0,0.3284259916587025
2022Q4,18,0.3977848587007041,0.4444444444444444,0.19036429732141477,2.0207090351104577,-0.08088605297750832,ETH,8.0,0.11334920719728786
2023Q1,33,0.2489631439714849,0.5151515151515151,0.22917708065879042,1.7847067596614912,-0.006291024700415586,ETH,13.0,-0.2704282334494556
2023Q2,27,0.3201635636787722,0.3333333333333333,0.19982491750555817,1.4248764092652422,-0.03960432007690922,ETH,10.0,0.5476758349906371
2023Q3,18,0.14417098478767112,0.5555555555555556,0.19187588691663116,1.007861966317205,0.020778727692293292,ETH,8.0,-0.47502131262372344
2023Q4,43,0.2475056639694991,0.5581395348837209,0.20282689507786056,1.5398638752802658,-0.006587664226647539,ETH,23.0,-0.12140750593774054
2024Q1,47,0.7949586158742331,0.3829787234042553,0.23334615062038633,1.9615149174515663,-0.06807708956206994,ETH,15.0,0.35786027972597745
2024Q2,17,0.16516863255393072,0.5882352941176471,0.1858298458337284,1.8912372454801707,0.03730508088705909,ETH,6.0,-0.11185331784150127
2024Q3,16,0.4429936984071615,0.5,0.20792460584553882,2.0237908977642687,-0.009588564601713834,ETH,6.0,0.7355317060859149
2024Q4,34,0.005523995132394746,0.5588235294117647,0.21532257675249808,2.053893605270793,-0.0945365516783571,ETH,14.0,0.08646200147384157
2025Q1,21,-0.9791788378717767,0.6190476190476191,0.177040120266915,2.5416647493460323,0.043251381915689974,ETH,7.0,0.31370561627347343
2025Q2,36,0.7527376057933565,0.5833333333333334,0.1750739979380915,2.37153928738306,0.020042658460446058,ETH,14.0,0.46068409668084254
2025Q3,27,0.7151165703909372,0.3333333333333333,0.23885575362370767,1.9098653499258762,0.09065987630343049,ETH,10.0,0.9658278002841122
2025Q4,21,-0.318018924164626,0.42857142857142855,0.19319641072187627,2.2007850245271934,0.03838904067477469,ETH,8.0,0.3024604737560256
2026Q1,30,0.3942478426913861,0.4666666666666667,0.21046908120877364,2.2391843138571663,0.0778275578133306,ETH,12.0,0.16004890773413807
2026Q2,25,-0.9746162515986933,0.64,0.1807877306202789,1.692058649006837,0.0014587808824753279,ETH,11.0,-0.46895830322630466
2026Q3,23,0.4612315130313619,0.6086956521739131,0.2035521086236222,1.430739013627857,-0.018476438186783035,ETH,11.0,0.4962593644215545
2020Q1,26,0.375265000498282,0.5384615384615384,0.21017263067137681,3.456822879998228,-0.035477998828719486,XRP,11.0,0.0768236675507984
2020Q2,25,0.171449784191871,0.52,0.1601577238287288,2.039759544603757,-0.06527662002173072,XRP,10.0,0.1774794908408568
2020Q3,45,-0.20633764030594406,0.6444444444444445,0.18657573696941837,2.414197675732987,-0.10269822254503293,XRP,17.0,-0.2156292454581803
2020Q4,38,1.202078009212306,0.5263157894736842,0.22109126503321763,4.519472060557034,-0.0013291842238270755,XRP,14.0,0.5397277153765921
2021Q1,29,0.4664154106249592,0.6551724137931034,0.16743606168663883,5.816211706512123,0.028385266292184973,XRP,12.0,-0.04606347585061472
2021Q2,26,1.0245983605063054,0.4230769230769231,0.19830207168039413,6.425390411447602,-0.030453388401616134,XRP,11.0,0.24205815427819033
2021Q3,20,-0.5091578485553458,0.45,0.18728277227168363,3.4599208004722595,-0.029004161596516368,XRP,10.0,0.01588799638428411
2021Q4,27,-0.3668628864805796,0.7407407407407407,0.1685543449867963,2.9687566548648316,-0.005507521750958159,XRP,11.0,-0.1272364832136805
2022Q1,21,0.7548049335439548,0.38095238095238093,0.1869697328274851,2.8014442870067127,0.1098176099573441,XRP,7.0,0.5910845291390914
2022Q2,11,-0.4467209247544845,0.6363636363636364,0.21268859294321035,3.0133273586616713,0.043244001759252096,XRP,5.0,0.11524989693312922
2022Q3,28,-0.7014205720445632,0.7142857142857143,0.16684850147477856,2.560578322780042,-0.060894493114137596,XRP,11.0,-0.3574854567382281
2022Q4,20,-0.025295529460254318,0.75,0.1559492965639565,2.460311168293122,-0.08947801381164468,XRP,10.0,-0.23002281072309447
2023Q1,38,-0.07471350763268463,0.6052631578947368,0.15689833301358877,2.1678816732112156,0.025073555068948306,XRP,16.0,-0.26179677388853884
2023Q2,27,-0.6685989986589449,0.7777777777777778,0.1688669054052208,1.996490590333392,-0.14851014067313092,XRP,15.0,-0.37182639215978824
2023Q3,15,0.32342047057224477,0.6,0.1964559426888883,2.1013348687999103,0.2932599015906686,XRP,6.0,0.5737208740080564
2023Q4,30,-0.13079378052740245,0.6333333333333333,0.17849457896586018,1.950568859468751,-0.09754354330063257,XRP,14.0,0.024295092006608027
2024Q1,31,0.06380759162266668,0.6774193548387096,0.1728417803378304,2.271519815929031,-0.06730060096040372,XRP,13.0,-0.04720972186529204
2024Q2,23,-0.23074189841858175,0.6521739130434783,0.17286766343409518,1.8790130738108397,-0.07623327665331497,XRP,7.0,-0.06585653930248685
2024Q3,31,0.592689242768173,0.4838709677419355,0.18318865983400281,2.2476930004686295,0.0015996120741058094,XRP,13.0,0.07590320983580466
2024Q4,43,0.9793101931263876,0.5116279069767442,0.19959827405466435,3.446200912382542,-0.05900531223539585,XRP,16.0,0.562394236937987
2025Q1,20,0.6931100675143185,0.3,0.1936014167256622,3.3500310770702084,-0.01033947006102366,XRP,8.0,-0.19399117002649863
2025Q2,20,-0.29084437362310184,0.55,0.15383000333022148,2.208308447195557,0.0025895036545258224,XRP,11.0,-0.1988140569826812
2025Q3,28,0.5619506758379268,0.5357142857142857,0.18563236532226737,2.0799554398594218,-0.0009358361786185984,XRP,11.0,0.6635729568602905
2025Q4,11,-0.7202963758975706,0.5454545454545454,0.19041043454184214,2.3121237968000656,0.03848217153578623,XRP,4.0,-0.7213245802707466
2026Q1,24,0.1671828989025511,0.5,0.1859655698451887,2.243372430797756,0.09539930076670404,XRP,5.0,1.0983195206708527
2026Q2,19,-0.5789354454571566,0.631578947368421,0.16435987478689706,1.6044122955251978,-0.017884871635801956,XRP,9.0,-0.03283411340698825
2026Q3,18,2.014478473898224,0.4444444444444444,0.19534629647385476,1.671304445105334,0.07225836392451679,XRP,4.0,1.8502205171342672
2020Q3,0,,,0.10187722114604478,6.548658174056709,-0.0870228029380604,SOL,,
2020Q4,29,0.860718921426783,0.6206896551724138,0.19130629207418495,4.683409035088489,0.011095077110009144,SOL,11.0,-0.5866130364012855
2021Q1,39,0.0980401290398738,0.6666666666666666,0.18384403790972167,5.793637135304315,-0.07464689948234139,SOL,17.0,0.08619619622446034
2021Q2,23,-0.1740921705137262,0.8260869565217391,0.1571149065486057,6.664033559673997,-0.13731389593445117,SOL,11.0,-0.49630227993559156
2021Q3,33,0.9677763356738556,0.42424242424242425,0.20480150249283877,4.899788628517924,0.0013068214254338165,SOL,11.0,0.9038548847474662
2021Q4,30,0.5979630632408454,0.4666666666666667,0.1930812645613125,3.652998189356835,0.015841036490008554,SOL,11.0,-0.011322352781209723
2022Q1,21,0.47281673445781874,0.6666666666666666,0.2061844047509479,3.7628130485022075,0.010214863729066347,SOL,10.0,-0.11755590291079432
2022Q2,4,0.24264455305852348,0.5,0.19535217629864965,4.758654468951946,-0.029434055608198034,SOL,1.0,2.440501192799456
2022Q3,21,-0.5685899698553514,0.6666666666666666,0.1864989055363412,3.2545284319926666,-0.022206178338206834,SOL,10.0,-0.33882112700913136
2022Q4,13,-0.13350921139521002,0.46153846153846156,0.21012549720122972,3.7736490143091106,0.07084361233249041,SOL,6.0,-0.20186940464609884
2023Q1,30,0.1698852582418104,0.5666666666666667,0.2206116888209448,3.514595843109751,0.04669324410737911,SOL,14.0,0.04864678961279182
2023Q2,28,0.09000614089783368,0.6071428571428571,0.20593782973412902,2.4210155091828836,-0.029025016182542003,SOL,8.0,-0.1002255324660389
2023Q3,25,0.4774580788742678,0.56,0.2042271310829862,2.435182374212786,-0.01564310688296698,SOL,8.0,0.21989907414939092
2023Q4,41,1.0616540610408278,0.4634146341463415,0.2390666802510781,3.6811714995059495,-0.06760449857861502,SOL,21.0,0.15159345507028216
2024Q1,26,0.39819206295088905,0.6153846153846154,0.17512787847503003,3.4622703658703933,-0.15540091826628577,SOL,15.0,-0.07060985265246157
2024Q2,14,0.36063203602843175,0.35714285714285715,0.1858679934271635,2.893920499353806,-0.06443332902350211,SOL,8.0,-0.3929109168971698
2024Q3,21,0.1122945991301392,0.47619047619047616,0.19145834525847855,2.69105215893747,-0.05170047276314529,SOL,8.0,0.41460253502539823
2024Q4,31,0.4748582095156154,0.5806451612903226,0.18800887060847685,2.604920097445104,-0.0470193302572507,SOL,13.0,0.34620709619259205
2025Q1,27,0.7787183174325372,0.48148148148148145,0.21036871982542876,3.2761615984636085,0.08771060998084049,SOL,7.0,1.5033878264685427
2025Q2,29,-0.3164141433732977,0.6896551724137931,0.17643284726718017,2.5413015953390183,-0.041794875360977084,SOL,13.0,-0.35498581572129695
2025Q3,30,0.34901741664753627,0.5666666666666667,0.20731386530870738,2.2480669127401387,0.04625593977974289,SOL,18.0,-0.042442846839374805
2025Q4,14,-1.1166156611486784,0.7142857142857143,0.17203608605851628,2.5846941335099047,0.054953878325087115,SOL,4.0,0.04641946732562401
2026Q1,24,-0.05425371148855146,0.7916666666666666,0.19135697013810968,2.385481295085835,0.1072272828389342,SOL,12.0,-0.10470139442899858
2026Q2,27,-0.5593861239843674,0.6296296296296297,0.1761976107106374,1.904461364341894,-0.017135549233622368,SOL,9.0,0.011280366703843355
2026Q3,18,0.797153386166268,0.4444444444444444,0.207133659848324,1.6199168765130234,-0.010214752555778887,SOL,6.0,1.5972826248261935
2020Q3,12,-0.26536812495596845,0.75,0.15156219221938622,2.613478136090984,-0.07205510699390646,DOGE,5.0,0.13474427695943497
2020Q4,26,1.2592824081102179,0.3076923076923077,0.18541295239442643,2.715341027873341,-0.07074148348491059,DOGE,10.0,0.6220248746273698
2021Q1,32,5.843026027214948,0.46875,0.173416911466822,7.784387837596197,0.08863296379208326,DOGE,12.0,1.8010592810846087
2021Q2,35,2.2493451930683177,0.37142857142857144,0.22278112239511827,7.807761141940898,-0.011194911436982802,DOGE,16.0,0.46942372985442865
2021Q3,25,1.017018459890511,0.52,0.18918122310483387,3.779727787348128,-0.076101245701044,DOGE,9.0,-0.04732862946539323
2021Q4,29,0.17920461236751903,0.6551724137931034,0.17430969381331998,3.643595905189519,-0.19550446043298922,DOGE,14.0,-0.5247788917253225
2022Q1,26,0.24942690760668523,0.5,0.2073227952890684,2.998329931340469,0.029495732874489134,DOGE,9.0,0.466573125333528
2022Q2,23,-0.3994118785639355,0.6956521739130435,0.16441325160514497,3.8171441983547707,0.015957101990829684,DOGE,8.0,-0.5005352319940675
2022Q3,27,-0.42919735230295936,0.6666666666666666,0.17226299604071368,2.679060198481151,-0.02626942942654375,DOGE,14.0,0.059261737179415845
2022Q4,28,1.6036238949218498,0.5357142857142857,0.22634328508196186,3.6398532554875045,0.043829217133498875,DOGE,13.0,0.6052651223994346
2023Q1,36,-0.4522018237138995,0.7777777777777778,0.17509232540035063,2.542115389099821,-0.05247385560466732,DOGE,16.0,-0.3740071142083123
2023Q2,26,-0.6690728340021816,0.7307692307692307,0.193095267717182,2.1001452085768406,-0.05619844763057194,DOGE,12.0,-0.3368134464815305
2023Q3,27,-0.4078992850839253,0.8148148148148148,0.16251011068946833,1.810676056368655,-0.12190027864334271,DOGE,15.0,-0.7563298534704838
2023Q4,40,0.2964554901158107,0.675,0.16895219930589647,2.3069072091421186,-0.1661097141535896,DOGE,17.0,-0.15859583030355667
2024Q1,43,0.5997726174026105,0.6744186046511628,0.18446847198331914,3.358596419119178,-0.035630835405915474,DOGE,21.0,0.18427854958891082
2024Q2,14,0.04687063993788341,0.7142857142857143,0.18759184701229006,3.122958390292403,-0.08328983443242102,DOGE,5.0,0.32504457599086656
2024Q3,28,0.5186140902548644,0.4642857142857143,0.1916608706451085,2.5608681309923282,-0.0336469901385255,DOGE,11.0,0.15130279728447296
2024Q4,39,1.0883314970351097,0.41025641025641024,0.2023664197636433,3.9355283663003116,-0.07796685229940226,DOGE,14.0,0.9536925792118627
2025Q1,23,0.23207793476597693,0.4782608695652174,0.20792237205146483,3.4044292508348795,0.002200703105966503,DOGE,7.0,0.11115915497121197
2025Q2,30,0.3165137678438617,0.6333333333333333,0.18351434288695134,2.832355826345936,-0.023201708845089992,DOGE,10.0,0.689278773772736
2025Q3,32,0.5289900520129263,0.53125,0.20940362334620788,2.7870396553305796,0.030245970425862495,DOGE,12.0,0.7632093967438748
2025Q4,15,-0.6164614649521132,0.6,0.18387696349186428,2.643928919598749,0.05510721535264926,DOGE,4.0,-0.5574613442769882
2026Q1,30,-0.35887569855221607,0.5666666666666667,0.18694501988981688,2.4906750411600402,0.184547967992952,DOGE,8.0,0.21358552625663146
2026Q2,19,-0.6343934121355816,0.8421052631578947,0.16513949557213997,1.9058590086613945,-0.018202397307266978,DOGE,12.0,0.3323411470841448
2026Q3,15,2.2623103221444154,0.6,0.15294943513700768,1.6812757650574421,0.06335124522057188,DOGE,7.0,0.4537262465079736
2021Q2,8,-0.32548760168016166,0.375,0.21208591618248115,10.436605822642953,-0.15731441994244144,SHIB,2.0,0.2648460447937936
2021Q3,22,0.31505636159067635,0.7727272727272727,0.16374453039375178,3.8185368608325003,-0.029478858473383125,SHIB,11.0,-0.1781800797514206
2021Q4,36,1.736520825629981,0.3888888888888889,0.20550300304289867,6.237446210634036,0.0238609477964141,SHIB,14.0,0.4245668642485453
2022Q1,19,0.9097492677858694,0.3684210526315789,0.20688746987998569,3.857314451468279,0.11854225201382511,SHIB,6.0,0.3958797016550326
2022Q2,10,-1.2676882167120898,0.7,0.1853818183233014,4.2488041833119645,0.039261102637900294,SHIB,2.0,-0.9196717309420317
2022Q3,34,-0.33578275038094685,0.7058823529411765,0.17026223526304005,3.1492891818495763,-0.024501180419311507,SHIB,15.0,-0.20692933351751208
2022Q4,20,0.05590682190685655,0.7,0.15810911108438652,2.655386990655669,-0.11316503791162125,SHIB,8.0,-0.1736950936741139
2023Q1,27,-0.26313609462012477,0.5925925925925926,0.17410658696854683,2.82338996193812,-0.05547345957355732,SHIB,15.0,-0.3228086479022397
2023Q2,20,-0.626078967273316,0.65,0.18690415801518992,1.9930663663862396,-0.06533365132727952,SHIB,8.0,-0.4429613517712019
2023Q3,29,0.46962202854136204,0.6206896551724138,0.15792534245389625,2.119521402915975,-0.07038485981909864,SHIB,11.0,0.07597874029905682
2023Q4,39,-0.5889378893032683,0.717948717948718,0.16467561373470813,2.2963467971377933,-0.06648967085281933,SHIB,20.0,-0.26938789109656414
2024Q1,38,0.9218029067216892,0.5526315789473685,0.18176273307805627,3.646949027990702,-0.04054219669894984,SHIB,15.0,0.3383601051176898
2024Q2,22,0.08068997941181706,0.6363636363636364,0.1948328368244669,3.15679811289407,-0.02112663151628971,SHIB,8.0,0.023846216686469635
2024Q3,28,1.0931414748824289,0.35714285714285715,0.18584246331932072,2.6769165053907464,-0.04510841075915084,SHIB,9.0,0.8700480656476532
2024Q4,31,0.7482610443263871,0.5483870967741935,0.16977535538980798,3.805012934839443,-0.12813666079694716,SHIB,13.0,0.16619208661702672
2025Q1,20,-0.22094930434503893,0.55,0.17926074427393834,2.9383722340957354,0.091209581107729,SHIB,8.0,0.8792033015942844
2025Q2,23,0.3530875808869144,0.5217391304347826,0.18178326068316927,2.537555151486376,-0.04614567312767238,SHIB,10.0,-0.11440262258999208
2025Q3,29,0.4207680486087349,0.5517241379310345,0.18970618937856412,2.148347841931745,0.029155343316676047,SHIB,14.0,-0.17749221910239182
2025Q4,15,-1.0429690615466485,0.6666666666666666,0.17979236941223795,2.298880134646387,-0.033562492030729606,SHIB,5.0,-0.5871049872854283
2026Q1,24,-0.5468901535953498,0.625,0.1736854933605477,2.413496356126647,0.08471228146946333,SHIB,8.0,0.13327548250945614
2026Q2,19,-0.7780902091630941,0.7368421052631579,0.16429280797464513,1.7921919934095139,-0.035297920365376136,SHIB,12.0,-0.22148472625341145
2026Q3,26,1.0122225327781558,0.38461538461538464,0.16672037585107327,2.1780520348199084,0.03305829509900898,SHIB,10.0,0.4832989882828995
2020Q1,28,0.9147791325067894,0.5357142857142857,0.2105850469717162,5.383484791568578,-0.06688664788922342,LINK,9.0,0.1593957013539517
2020Q2,48,0.40025069034511246,0.5625,0.167598300222166,2.7310870475725504,-0.04246899089909467,LINK,20.0,0.1332952457158259
2020Q3,28,1.3093171827015395,0.32142857142857145,0.24707608646643847,4.7513857606347685,-0.04287442591710771,LINK,12.0,0.5578507003747462
2020Q4,29,-0.41889474076210964,0.6206896551724138,0.1808929447171608,3.6993270103413196,-0.021474235314390255,LINK,15.0,-0.3315434213754766
2021Q1,35,-0.04498353557248194,0.5142857142857142,0.16476953327273142,4.922969531278691,0.010808891777402607,LINK,14.0,-0.29321586025089996
2021Q2,20,0.8911790168083972,0.4,0.1751472107034488,5.886263463596418,-0.05291844774149792,LINK,11.0,-0.2406604046669349
2021Q3,26,0.22718370470524657,0.6153846153846154,0.18961300803035339,3.945282993400275,0.001058183366774823,LINK,13.0,-0.10115460270712041
2021Q4,28,-0.09818709372007046,0.5357142857142857,0.17780185912295354,3.4732242284975174,0.03657134728258062,LINK,12.0,-0.35034646941656433
2022Q1,25,0.2967102903964287,0.64,0.19515245133761666,3.6997052208805887,-0.0024161030023245175,LINK,10.0,-0.028274393342618043
2022Q2,21,-1.1148664894581262,0.6666666666666666,0.18224395426765538,4.085236713654043,0.0610212961713462,LINK,6.0,0.9370967161016197
2022Q3,33,-0.11248576720797346,0.6666666666666666,0.18413880035402638,3.0927434306319466,-0.07069890064427935,LINK,14.0,-0.30285490012961497
2022Q4,23,-0.3963110963037447,0.5652173913043478,0.19532769935501074,2.682017338451179,-0.06675763450480092,LINK,9.0,0.19526698005068396
2023Q1,38,-0.12823047171666646,0.6052631578947368,0.16816311995952293,2.475018010742297,-0.03691636210725152,LINK,17.0,-0.1715053275521285
2023Q2,29,-0.49134644970785685,0.7241379310344828,0.19333251968735732,1.8711904638305723,0.021206342550219297,LINK,8.0,-0.059881383572122304
2023Q3,38,0.3098353967006253,0.6052631578947368,0.2260176364934515,1.9676562670289104,0.01899900537395036,LINK,15.0,-0.1699273738723504
2023Q4,33,1.007720776102458,0.6363636363636364,0.16797795529980117,3.085858677169269,-0.04859145835614299,LINK,14.0,0.3570838748675123
2024Q1,35,-0.002252762297492437,0.6,0.17900218751810665,2.898972729574422,-0.12086163962652242,LINK,12.0,-0.2117176464919739
2024Q2,16,-0.35045053565284,0.625,0.20632518246253617,2.5329670032131766,-0.03924961272118873,LINK,6.0,-0.3257976364078959
2024Q3,19,0.0374513304536013,0.47368421052631576,0.19253324888840642,2.4542696746345767,0.018253272832498717,LINK,11.0,0.10947294267446347
2024Q4,39,0.5856136141660304,0.5384615384615384,0.2064687630737305,3.4546178833087007,0.007174648425950564,LINK,13.0,0.49657560307558507
2025Q1,17,-0.41030675976811726,0.6470588235294118,0.18258437726429655,3.569254986283052,-0.011301569413339797,LINK,6.0,0.13171462494289857
2025Q2,25,0.41660117673133285,0.56,0.18779871355338618,2.6896140703548785,-0.008422793572110033,LINK,11.0,0.3467733853368243
2025Q3,30,0.8519345921270297,0.4666666666666667,0.19477705888134497,2.6126585696345863,-0.025058430778827395,LINK,10.0,0.39046793035778593
2025Q4,18,-0.8332302539847208,0.6111111111111112,0.16773064160021267,2.842388823581474,0.046981221612375806,LINK,8.0,-0.10622744540965835
2026Q1,25,0.16320305252157244,0.56,0.19530708253884183,2.263269707143777,0.11182359678168267,LINK,9.0,-0.12250177558104876
2026Q2,25,-0.615388607570748,0.6,0.15195557321485156,1.927628298558107,-0.02897772579438417,LINK,11.0,-0.07452234629448654
2026Q3,24,0.9831449692490785,0.3333333333333333,0.18413737429836374,1.787251476181119,-0.10333271584810721,LINK,12.0,-0.009662335100494912
2020Q4,28,0.02938598515918364,0.5,0.19809841050327762,5.051321122350883,-0.02646905472783742,NEAR,13.0,-0.4845250707020702
2021Q1,39,0.35567146274806555,0.6666666666666666,0.1693296942692731,6.33638472921708,-0.14784001913597425,NEAR,20.0,-0.34872146389133685
2021Q2,14,-0.7664699071152575,0.7142857142857143,0.14613802996670705,6.173809119389672,-0.07696360312492558,NEAR,6.0,-0.21065869085494304
2021Q3,47,0.3838295315906113,0.6595744680851063,0.17467656868933548,5.386704822363526,-0.045536492813876575,NEAR,18.0,0.10532103558602782
2021Q4,48,0.46563051195076,0.5833333333333334,0.20258740971722436,4.684836500903785,-0.04321006487095824,NEAR,18.0,0.12860940031194185
2022Q1,33,0.14246671135795905,0.48484848484848486,0.20944328012360475,4.546744038644447,0.12161767610930689,NEAR,12.0,0.11199858469643752
2022Q2,16,-0.8750416583359514,0.75,0.18697837380093876,5.503163108158757,0.03947240391422851,NEAR,7.0,-0.11501002974322248
2022Q3,24,0.10458433495692765,0.5416666666666666,0.21133347460618807,3.4399062239471725,-0.022438552549941693,NEAR,12.0,-0.2093210177910859
2022Q4,13,0.3535832435264992,0.8461538461538461,0.20274498667658641,2.7931463776625187,-0.016432902463613404,NEAR,5.0,-0.25024239456238817
2023Q1,36,0.19173596732214357,0.4722222222222222,0.19820313458349473,3.3490315874186436,0.02471708892809177,NEAR,15.0,0.04056728903801677
2023Q2,28,-0.7694257083576621,0.6428571428571429,0.1975715785605564,2.388818215124556,-0.113609403666076,NEAR,9.0,0.01268743853734752
2023Q3,15,-0.09250204923600389,0.6666666666666666,0.15713372556344432,1.9662095522354808,-0.11989770332152565,NEAR,9.0,-0.12112820730776111
2023Q4,42,0.4936722231669056,0.7142857142857143,0.21011139883759478,3.357195136999185,-0.007224364706008037,NEAR,19.0,-0.1746556739465907
2024Q1,38,-0.1572478472775153,0.5263157894736842,0.18462814018513055,4.259670705024619,-0.019428710733440883,NEAR,14.0,0.015445340251521918
2024Q2,19,-0.539418782905302,0.7894736842105263,0.1829244509944344,3.533986171563383,-0.11913660080012346,NEAR,9.0,-0.5601313821988788
2024Q3,25,0.22914754082667368,0.52,0.22993863264265169,3.271018707943756,-0.026802547845961512,NEAR,10.0,-0.02623537794058619
2024Q4,23,0.1990915740067595,0.6086956521739131,0.1887726755915783,3.726680657710934,-0.0689844702839715,NEAR,8.0,0.08247195434714034
2025Q1,19,-0.13373863423978935,0.47368421052631576,0.18734609913908307,3.5832915139706696,-0.016774729173031588,NEAR,6.0,-0.10297503373158774
2025Q2,21,0.07316076684407545,0.7142857142857143,0.19956752924867277,3.181905269778859,-0.01983689700892487,NEAR,10.0,-0.09418278598321665
2025Q3,27,0.4040208821786532,0.48148148148148145,0.18986175109515888,2.735847841489139,0.027654537532858892,NEAR,6.0,1.5638552549647509
2025Q4,18,-0.7990371518177124,0.6666666666666666,0.17687921048488073,3.452175821727579,0.03112752123362126,NEAR,8.0,-0.09125220731242907
2026Q1,28,0.05823419319139765,0.5357142857142857,0.21390049168770056,2.862605228402815,0.0566484630297182,NEAR,12.0,-0.18045223220862727
2026Q2,36,0.3165101630638435,0.5277777777777778,0.19819195742830972,3.4290566644536384,0.046922834682660605,NEAR,12.0,0.5290868401800258
2026Q3,18,0.2147485584341812,0.5555555555555556,0.17300254474656007,2.494322538819773,-0.0009904258431499653,NEAR,7.0,-0.17483524909570267
2020Q1,4,-0.4511089163253869,0.75,0.20980893758981017,4.681610406743018,0.02276402230190338,BNB,2.0,1.4657536102198645
2020Q2,22,-0.23694901602124735,0.5909090909090909,0.16261690511630433,2.074414547120044,-0.050123100979171845,BNB,11.0,0.14642885553267446
2020Q3,50,0.26331401632937657,0.58,0.1958377700553542,2.871820398559394,-0.05927385244530371,BNB,18.0,-0.07638981579290594
2020Q4,44,0.21947878053830913,0.6136363636363636,0.18087521412923457,2.342733632877821,-0.04319469265135915,BNB,17.0,-0.10179663559739512
2021Q1,48,1.692755924096341,0.4791666666666667,0.21532255127672503,4.681845979810662,-0.026780464694495153,BNB,16.0,0.6797053091856579
2021Q2,23,-0.31558116893249644,0.6086956521739131,0.19929322136893185,5.246643187091878,-0.037022264313299434,BNB,11.0,-0.3918204462572889
2021Q3,22,-0.010974219855871688,0.5909090909090909,0.17053923903946094,2.8617803274172835,-0.04121026752337658,BNB,11.0,-0.025361799824376818
2021Q4,23,-0.19435811229826852,0.5217391304347826,0.176421673634667,2.4348753280199205,-0.0057911983646849316,BNB,12.0,-0.42748884001287263
2022Q1,26,0.3870245424938512,0.5,0.1986951456148921,2.3612155428812316,0.019990982153279886,BNB,10.0,-0.19501107604756027
2022Q2,12,-0.8458602425948066,0.8333333333333334,0.17098795095748254,2.6995989046181394,-0.008442648871381143,BNB,5.0,-0.652859182377447
2022Q3,23,-0.1532994908612359,0.5217391304347826,0.196025270858604,2.0476422786392514,-0.001677516396467643,BNB,10.0,-0.09640082837257816
2022Q4,23,0.2980028120262252,0.5652173913043478,0.21341056143238632,1.9339276524996643,-0.055984142328556155,BNB,10.0,0.13550353506653745
2023Q1,30,-0.23130857487536877,0.5333333333333333,0.2012717762471902,1.6466001662281082,-0.03957637356390622,BNB,14.0,0.18684017027645364
2023Q2,22,-0.7837594043333972,0.6818181818181818,0.16803973156782742,1.3554114091653018,-0.03345629939612694,BNB,9.0,-0.11241822155936501
2023Q3,24,-0.07935821642222164,0.6666666666666666,0.1870678513166422,1.1040804621032805,-0.011926324978966008,BNB,10.0,-0.3819629252933784
2023Q4,43,0.25447450231634844,0.5813953488372093,0.1828715366264905,1.5855344960922575,-0.044767940307796614,BNB,19.0,-0.012432077685353447
2024Q1,36,0.3555685577871699,0.5277777777777778,0.20271982762924984,2.0460557255369807,-0.0921885843890902,BNB,18.0,-0.043880090160429736
2024Q2,26,0.6153267602984718,0.5384615384615384,0.18101677602353977,1.7269882199555118,-0.07225649619951358,BNB,10.0,0.25442318854055035
2024Q3,25,0.09868081029551462,0.48,0.21424587371955475,1.797740831637861,0.007772333604065165,BNB,12.0,0.01868088226511967
2024Q4,34,-0.4174798911965694,0.6470588235294118,0.16001293327986685,1.9050869490378732,-0.10214970431472965,BNB,14.0,-0.3124843601122244
2025Q1,25,-0.6741205484740643,0.64,0.16733067108498517,1.8212257954404725,-0.002348647408974144,BNB,7.0,0.11812195135637509
2025Q2,23,0.41372059542574097,0.5652173913043478,0.15271165449768048,1.1681188894567223,-0.04963347760320868,BNB,9.0,0.477295684340961
2025Q3,53,-0.05462804873570666,0.6226415094339622,0.21339974033945744,1.3929453036973263,0.04650430928779493,BNB,21.0,-0.06024560517811376
2025Q4,25,0.4107662612602689,0.68,0.1841127089343506,2.107611656146495,-0.021462532576605565,BNB,8.0,0.2165780972378598
2026Q1,16,-0.10833833728085131,0.625,0.19274268202036562,1.5729553638414495,0.11320889601649917,BNB,7.0,-0.32672930812544665
2026Q2,31,0.13770181827400454,0.5806451612903226,0.1733780915991676,1.3129371753409003,-0.04310478909667541,BNB,15.0,-0.36677883070336564
2026Q3,20,1.667688608717522,0.5,0.15240058852603772,1.0359515406013495,-0.022229789681206587,BNB,8.0,0.2394599185060085
2020Q1,15,0.7173780379854713,0.5333333333333333,0.20604378532821874,4.065017208788883,-0.0789216468500657,TRX,6.0,0.09522120359300758
2020Q2,43,0.3403846570069115,0.46511627906976744,0.17232666999733628,2.3504511156167864,-0.07153351889229502,TRX,13.0,0.051840281993775286
2020Q3,48,0.1782394893943623,0.625,0.2004278223931405,3.4910794907480156,-0.14235532044442034,TRX,20.0,-0.12381663380333459
2020Q4,40,-0.6410496521497903,0.65,0.1595423095554355,2.577620747446558,-0.04613004859588137,TRX,13.0,-0.15751166930352542
2021Q1,48,0.9069072889947688,0.5,0.15457481543855284,4.369421805162982,-0.12087187955377171,TRX,22.0,0.035120541400406886
2021Q2,28,-0.017888959630246917,0.6071428571428571,0.18686864905108147,5.342037965173164,0.029479608983786463,TRX,13.0,-0.2991461817579331
2021Q3,28,0.4639932349962606,0.5,0.20989467374438014,2.92302406834245,8.614125084049097e-06,TRX,12.0,-0.17711437066475377
2021Q4,25,-0.18898194196201698,0.44,0.16174259899320223,2.3937268683192245,0.053998974424392714,TRX,11.0,0.6138214054535428
2022Q1,24,0.09310269613782157,0.6666666666666666,0.19852375001434885,2.0225709120771103,0.008959836265333976,TRX,11.0,-0.1261127768702184
2022Q2,23,-0.29347019583478184,0.782608695652174,0.16215677425078598,3.512767813708601,-0.1517882531544927,TRX,9.0,0.4990054846991654
2022Q3,17,-0.6832191146693037,0.7647058823529411,0.1517282221594215,1.4098507824284912,0.01702932162126736,TRX,7.0,-0.3869444470098586
2022Q4,20,-0.9306872298397615,0.65,0.13484867275770646,1.5387340671802163,-0.16231291807834464,TRX,11.0,-0.31658501753803364
2023Q1,27,-0.2613060713115932,0.6296296296296297,0.17230134551897722,1.6877127657895645,-0.022487162570645505,TRX,12.0,0.17834367268309037
2023Q2,24,-0.3039571692988843,0.7083333333333334,0.16476789330385672,1.2356112997961155,-0.028282758149307738,TRX,9.0,-0.5633542571166993
2023Q3,23,-0.1618492607654925,0.4782608695652174,0.1930106792424553,0.9484364304565069,-0.13652274719918797,TRX,15.0,-0.11255112561284407
2023Q4,24,0.5123748925855242,0.5416666666666666,0.19917917114382383,1.0560246610622939,-0.04103619223460053,TRX,14.0,-0.4086401339192398
2024Q1,23,0.6457084826395268,0.34782608695652173,0.2337917687293526,1.0819192007909957,0.010518291806890971,TRX,11.0,0.2432213520053595
2024Q2,18,0.2833585887378798,0.4444444444444444,0.21866529055029313,0.9061053275069213,-0.013069021820689855,TRX,6.0,0.33198355571699717
2024Q3,23,2.253452994639668,0.30434782608695654,0.2544896448191574,0.9729277389382449,0.15765661111775378,TRX,11.0,0.5370310585786618
2024Q4,35,4.634561567401955,0.45714285714285713,0.20708437824402992,1.9435223265757884,0.12530162101388578,TRX,16.0,0.7852412964161439
2025Q1,14,-0.6330028410117973,0.7142857142857143,0.17672268461738258,1.7088065049063432,0.00476532432659955,TRX,6.0,-0.5040373868746061
2025Q2,19,-0.19800438466181575,0.631578947368421,0.13910736861346348,1.2298474466872535,-0.05247119195973654,TRX,10.0,-0.16051139845216972
2025Q3,30,0.9313516848615779,0.4,0.21068160768756833,1.0088505082616477,-0.0147728330757821,TRX,11.0,1.0336178762629424
2025Q4,11,0.0029678968873531357,0.5454545454545454,0.1961437848863879,0.8937538275311588,0.028735155789253824,TRX,5.0,-0.5258421061845577
2026Q1,20,-0.6656373029669536,0.6,0.18630297981109345,0.7652363879117107,0.13324489552414068,TRX,14.0,-0.2157495000126164
2026Q2,20,0.33369111585341915,0.5,0.2133066386282505,0.7004627906216089,-0.04667649478836362,TRX,10.0,0.06908715822390203
2026Q3,18,0.37253815133846657,0.7777777777777778,0.1796271138289293,0.503963110378388,-0.00903992166207831,TRX,8.0,-0.03608253091919117
2020Q1,10,0.38205282769282417,0.4,0.2063854546155817,4.358936365156903,-0.010757394835679885,ADA,1.0,2.4103241239236115
2020Q2,39,0.6978438678945366,0.38461538461538464,0.19804074529980767,2.8357402615293843,-0.018480370919716323,ADA,13.0,0.9542089245529574
2020Q3,32,0.8357015551903573,0.40625,0.20237178217015497,3.2945975485512253,0.002750242921224199,ADA,10.0,0.7702022175369411
2020Q4,39,0.591556441685726,0.4358974358974359,0.18269168147512838,3.4925989734951957,0.04044590723097002,ADA,13.0,0.28257815627882815
2021Q1,36,0.30726643401578146,0.5833333333333334,0.20211866634485853,5.539613106322877,-0.048501439643068626,ADA,15.0,0.19771956529938095
2021Q2,24,0.49876665620094945,0.5,0.1531471800400286,5.113426053673043,-0.08841156293794877,ADA,12.0,0.08534134997573468
2021Q3,24,0.43999703227752435,0.4583333333333333,0.1863027110909477,3.484054564708343,0.01122670571827657,ADA,12.0,-0.13055099111095164
2021Q4,25,-0.3375609149673785,0.44,0.15750827164350745,2.839422098794409,0.051148332795820234,ADA,7.0,0.34536856431141816
2022Q1,28,0.7106483276658953,0.6785714285714286,0.20592462416140397,3.35251923220055,0.000343677172885734,ADA,12.0,0.05964576850254546
2022Q2,20,-0.01203959562228464,0.55,0.1794960256857453,3.8677088067156413,0.0333613948070484,ADA,7.0,0.38276856616751137
2022Q3,23,-0.004702450359894281,0.6086956521739131,0.16708259160099834,2.6000877910876903,-0.03492702818374141,ADA,11.0,-0.11715857549758284
2022Q4,7,0.3444640065708606,0.5714285714285714,0.20195665312134464,2.100072157066953,-0.07233052182971896,ADA,4.0,-0.46281759755882546
2023Q1,37,0.6667943296036372,0.3783783783783784,0.21486359899844698,2.3870640065066855,-0.0068616635383001385,ADA,16.0,-0.16269369306331932
2023Q2,23,0.04582871616491141,0.5652173913043478,0.18781322035644438,2.076257319110372,-0.06215917154569988,ADA,8.0,0.2060129255979007
2023Q3,17,-0.05728608382385742,0.7058823529411765,0.15962601876637952,1.6758153465955143,0.06535647883087452,ADA,8.0,-0.3815013441169978
2023Q4,46,0.15763039982260682,0.5652173913043478,0.19105297554325767,2.4818199242072647,0.03860879671595239,ADA,24.0,-0.2201606103939723
2024Q1,34,0.037069709490984606,0.5588235294117647,0.1843422754189719,2.8815057500879093,-0.06420351920552766,ADA,15.0,-0.1689618874239849
2024Q2,13,-1.7516356215872517,0.6923076923076923,0.18834597356718483,2.3042889527856856,-0.03837639696664525,ADA,7.0,0.04036007215884347
2024Q3,18,0.1149843257949378,0.5,0.20912207285380174,2.3182074041002956,-0.0596923207102647,ADA,10.0,0.07774657192464811
2024Q4,40,0.8377542940410503,0.5,0.201316900350498,3.571868156653303,-0.013362011469904128,ADA,12.0,0.7446406020033202
2025Q1,28,0.019293496052217196,0.5714285714285714,0.1937952358397563,3.8101698749000805,0.1192116686890732,ADA,8.0,0.057586192237816795
2025Q2,20,0.07410492742862532,0.65,0.1739932755343075,2.6560059367521176,-0.03102819662846652,ADA,9.0,0.009531251930884234
2025Q3,39,0.5942864439071825,0.5384615384615384,0.1912294816754982,2.5732672418928084,0.043473614433734,ADA,13.0,0.4728362560232531
2025Q4,14,-0.8084154305902732,0.5,0.19824354607995132,2.7754187289301684,0.025946542491171138,ADA,3.0,-0.5201653322605283
2026Q1,18,-0.20146357950959876,0.3333333333333333,0.18211989554948962,2.5273331184170047,0.10722462443226369,ADA,7.0,-0.4563449594709262
2026Q2,19,-0.769878597322797,0.631578947368421,0.1756891864820082,2.1585137106574077,-0.017099965084587138,ADA,11.0,-0.431111333430581
2026Q3,30,1.1467120024309758,0.4666666666666667,0.26041646935617885,2.3902279146236234,0.016139500615978665,ADA,10.0,0.502545280371675
2020Q1,21,0.36639943878366554,0.7619047619047619,0.19990137330524646,3.80894168368472,-0.10382261041996106,XLM,8.0,1.1193334040763667
2020Q2,41,0.5874844886785997,0.5365853658536586,0.17866375805252718,2.6542227657415327,-0.09136779961696635,XLM,14.0,0.3302937638840566
2020Q3,38,0.3914909495614479,0.6578947368421053,0.17500318958865604,3.07878800994815,-0.07189677956536876,XLM,12.0,0.1622469762369458
2020Q4,41,0.7189974835032789,0.5609756097560976,0.18324642725972323,3.8124240102667706,0.08224289255492744,XLM,13.0,0.2667545246483595
2021Q1,38,1.2857887304670108,0.631578947368421,0.15481876391279173,5.533591484430435,-0.03807375561336531,XLM,14.0,0.23300715670231512
2021Q2,30,-0.08330092787173982,0.5,0.17349819384773865,5.722239978375265,-0.011851281392224626,XLM,13.0,-0.012817994441020561
2021Q3,20,-0.566126153472751,0.55,0.16732290889458667,3.3688507687062264,0.00796388668709345,XLM,9.0,0.006028018672415499
2021Q4,29,-0.7517764979682204,0.6896551724137931,0.15831082464500343,3.087277486234405,0.08282239613040288,XLM,13.0,-0.11037101045174433
2022Q1,18,-0.11064129414778764,0.4444444444444444,0.2134881571190955,2.8625194289904177,0.0579595893230985,XLM,5.0,0.8529872098295632
2022Q2,11,0.03951376621391453,0.45454545454545453,0.18655036434594946,3.1468294326086137,-0.022420952951132347,XLM,5.0,-0.17173002845243263
2022Q3,24,-0.7646265582322483,0.6666666666666666,0.1785793223435902,2.2822529433613497,-0.005884686841044642,XLM,9.0,0.012389380151748607
2022Q4,12,-0.20742254021163323,0.6666666666666666,0.16244840146565814,1.8877279797700368,-0.05974710555544704,XLM,5.0,0.0564737189006832
2023Q1,33,0.028312042119119304,0.48484848484848486,0.1934472014377449,1.9240407412829312,0.0012116409252309578,XLM,15.0,0.18998086274491416
2023Q2,23,0.14921764663478398,0.6521739130434783,0.19230578000012896,1.5003819711556408,-0.14548818294907748,XLM,10.0,-0.37709966056648214
2023Q3,22,0.5414530651514782,0.7272727272727273,0.1999625486914616,2.5228985706564107,0.0838948385760145,XLM,8.0,0.4154907012885146
2023Q4,29,-0.40313157035442276,0.7241379310344828,0.16266250249875458,1.8017256142602889,-0.13428155363962904,XLM,13.0,0.08866333603301034
2024Q1,26,0.13263717690298713,0.5769230769230769,0.17100019766249605,2.1530049816118617,-0.033277566245006183,XLM,11.0,-0.10905725035699275
2024Q2,15,-1.2762385893763908,0.8,0.16946620370306914,1.8232345341238672,-0.07131154778721792,XLM,7.0,0.44115195728094125
2024Q3,28,0.20910578029774646,0.6785714285714286,0.1779072905213525,1.8091620274551043,-0.06086938621367139,XLM,12.0,0.15356040965472761
2024Q4,36,1.1536480822032196,0.5277777777777778,0.20803198011608245,3.7916169213196014,-0.03822060978898113,XLM,15.0,0.31437777065587885
2025Q1,23,0.36958506600507507,0.6086956521739131,0.17301929856026013,3.499230961953857,0.009940033567695275,XLM,8.0,-0.4836443758048385
2025Q2,27,-0.38382064772755986,0.7037037037037037,0.18025165811483448,2.2000855184967514,0.006479555012593084,XLM,8.0,0.1842096263223827
2025Q3,29,0.4966823611188219,0.5862068965517241,0.18306967068212848,2.612885547844679,-0.01835701403599196,XLM,12.0,0.33466153980527696
2025Q4,14,-0.8072064070442551,0.5,0.17565781282806495,2.496765027705456,0.026057515095575298,XLM,4.0,-0.48257376183329215
2026Q1,25,-0.4988818247237862,0.56,0.18280184098818902,2.3325957573052247,0.08821552129606752,XLM,8.0,-0.08108100973163489
2026Q2,26,1.247890255391006,0.5384615384615384,0.2184776080134898,2.7615925578455207,-0.0747504502372176,XLM,10.0,0.17650015895173743
2026Q3,14,0.6633895026971105,0.7142857142857143,0.19016348035588393,2.0977069344111356,-0.01338578767535504,XLM,3.0,-0.4416260131709289
2020Q1,27,0.49511738303033964,0.5555555555555556,0.23195673619385088,4.208880197542401,-0.04755738017583085,BCH,8.0,0.6036851202025921
2020Q2,32,-0.4173143236920876,0.65625,0.163356465542168,2.3989393542515076,-0.0586093887612355,BCH,9.0,0.0873434609264334
2020Q3,44,-0.18917017202134562,0.6363636363636364,0.18823954670678553,2.493873364437105,-0.14178824133384088,BCH,14.0,-0.08565541833511246
2020Q4,46,0.25890160096820336,0.6086956521739131,0.18990857229236868,3.129536053306879,-0.02295039845207963,BCH,19.0,0.08053374605545903
2021Q1,32,-0.18329599297523697,0.46875,0.1765688919685291,4.4890662797782355,0.013128903246582623,BCH,14.0,-0.11789416058514669
2021Q2,34,1.0393489563181606,0.47058823529411764,0.20438242213188385,5.615019054677339,-0.030168360145915733,BCH,12.0,0.6886032158866464
2021Q3,22,-0.4710723397638144,0.6818181818181818,0.19079691149643105,2.742521862353496,0.01668146211329228,BCH,12.0,-0.47882576530873094
2021Q4,32,0.5675076180906345,0.5625,0.17396421824467243,2.47697686018187,-0.023080896402218797,BCH,10.0,0.06186945677205723
2022Q1,22,0.10477833588600026,0.7272727272727273,0.20322025155317644,2.61964960147961,0.01471958275154368,BCH,8.0,0.04296919771809446
2022Q2,12,-1.0684078170136357,0.6666666666666666,0.19503313916403042,3.5560580535601196,-0.08061935138046765,BCH,4.0,-0.30696681236064216
2022Q3,24,-0.00635637913372498,0.625,0.18249382249645676,2.8232197754265247,-0.04657194608455714,BCH,13.0,-0.06428914854277284
2022Q4,21,-0.09093112584560406,0.6190476190476191,0.16405412314503756,1.9316420235299976,-0.07287296633311036,BCH,8.0,-0.17879391427919844
2023Q1,28,0.3541936508768431,0.5,0.21473712972906114,2.1258911957431654,-0.04238991356526752,BCH,14.0,-0.2837292161073827
2023Q2,31,0.5940480786412397,0.5806451612903226,0.1831437370372136,1.957547526587012,0.03345466793833111,BCH,12.0,0.5497950073057717
2023Q3,30,-0.1892230676920334,0.7666666666666667,0.2085730329982147,2.5559438382658186,-0.028345688982127987,BCH,13.0,-0.2017232776326008
2023Q4,33,-0.20142744006727245,0.696969696969697,0.16837751168065074,2.1357253851933895,-0.059152297517516515,BCH,15.0,-0.2958727092572364
2024Q1,38,0.27044962993302024,0.5526315789473685,0.19812519564596173,3.0423896614371637,-0.08825668698150242,BCH,17.0,0.2202302958060274
2024Q2,21,-0.36286470463167975,0.7619047619047619,0.20641786382474125,2.7743911977091615,-0.0065040731077332,BCH,11.0,-0.5053929945836804
2024Q3,25,0.36602110845673197,0.48,0.21673216247879692,2.409689355975209,0.0374171620423381,BCH,7.0,0.5877959594964608
2024Q4,32,-0.28216499986480226,0.71875,0.1786216326232415,3.0257606460928277,-0.07484977789261678,BCH,13.0,-0.11805525250980099
2025Q1,16,-0.8495930650758102,0.6875,0.175911383588143,2.74310514416354,0.01683412196192887,BCH,7.0,-0.5314057049053952
2025Q2,33,-0.14765045966686888,0.6060606060606061,0.162013077119767,2.4446612166728365,0.007892941211804698,BCH,16.0,-0.3734342147774402
2025Q3,28,-0.19354799326049263,0.6785714285714286,0.17424603639847072,1.8972640620375298,-0.056040190910438076,BCH,13.0,-0.13192943734190032
2025Q4,24,-0.4059730777327211,0.7083333333333334,0.1859823438832878,2.4096624122591974,0.041039431939717055,BCH,15.0,-0.19163675448831158
2026Q1,17,0.09958551373149024,0.6470588235294118,0.161730998546731,2.074294144394323,0.09227410400830405,BCH,7.0,-0.22966687681688308
2026Q2,16,-0.8444271017544417,0.625,0.21047269133928026,1.9736205915856324,0.020980117631552695,BCH,6.0,-0.42963467449563847
2026Q3,23,2.827791371373167,0.6086956521739131,0.20905906452752734,1.9740610176016642,-0.028046931170523103,BCH,10.0,0.2974915153230333
2020Q3,0,,,0.17340497691197193,11.971195178015236,-0.15063405117352618,UNI,,
2020Q4,29,0.3342955373043791,0.4827586206896552,0.19318594190755914,4.862552172333154,0.031094857455357013,UNI,13.0,-0.08799899025909601
2021Q1,33,0.2389386776319558,0.6363636363636364,0.19619799674351565,5.977829486624911,-0.07793392142712385,UNI,16.0,-0.1427968955124602
2021Q2,20,-0.39456103883584537,0.65,0.16010379331219388,5.554420299803116,-0.027349937831566185,UNI,7.0,0.37668760199402584
2021Q3,28,0.1486392962952919,0.4642857142857143,0.20903044423611486,3.867405020943327,-0.03240619625076013,UNI,8.0,0.09265146993788204
2021Q4,32,-0.5529253425074573,0.65625,0.16349736541260726,3.223433920851923,0.04188722706413882,UNI,12.0,-0.44125527431942224
2022Q1,27,-0.6960381689512422,0.6666666666666666,0.1942999521075057,3.639482145975566,0.09943111127782366,UNI,14.0,-0.18552089449445308
2022Q2,16,-0.3341771239043291,0.75,0.18661567292214332,4.223623993146773,-0.007060805037008482,UNI,8.0,-0.4073829898816915
2022Q3,26,-0.3268369387361755,0.7307692307692307,0.18265839209456317,3.5641227358748617,-0.004861721262530893,UNI,9.0,0.38910111489733334
2022Q4,19,-0.25399729868138843,0.5789473684210527,0.18222007047693847,2.766872496989832,0.027751785656584038,UNI,9.0,-0.09242573951273207
2023Q1,33,0.06311487378248759,0.5151515151515151,0.18433872329528833,2.3883948014813585,-0.013254318421529254,UNI,11.0,0.2875037051532125
2023Q2,20,-0.019790239427451877,0.55,0.19696929116357073,1.8068834760598955,-0.05965267969293925,UNI,8.0,0.20320916353907756
2023Q3,32,0.040966734435507,0.78125,0.20168184164744032,1.9342442481115458,-0.034072165747064426,UNI,12.0,-0.21160275952467986
2023Q4,41,-0.15008898819829428,0.6829268292682927,0.16992510363835478,2.6787739220926494,-0.0956771980720291,UNI,19.0,-0.05971995305571668
2024Q1,27,-0.03888038526891128,0.5555555555555556,0.2138620648226599,3.2148099100810206,-0.052124496535992014,UNI,14.0,-0.17907715403896657
2024Q2,24,0.4039580034271352,0.375,0.229005231231484,3.2226203024482976,0.058248267273632665,UNI,6.0,0.6948176860382805
2024Q3,23,-0.2897989708738186,0.7391304347826086,0.1875334814331605,2.640370603451915,-0.005658619938298019,UNI,12.0,-0.024280977355832067
2024Q4,27,-0.16718074733708177,0.5925925925925926,0.1902258527373729,3.778057864684161,-0.02424224178803867,UNI,15.0,-0.2947330148130244
2025Q1,17,-0.5157254005060047,0.6470588235294118,0.19968658485857074,3.3231787606443577,0.002788747533197732,UNI,6.0,0.42310587272909084
2025Q2,32,1.4230961525803891,0.5625,0.19256181787093918,3.310445206511157,-0.04390343058653615,UNI,11.0,0.38208576339685596
2025Q3,23,-0.33294451498067856,0.6086956521739131,0.18929132526598486,2.8242406109598406,0.032157886888603514,UNI,10.0,0.45489631622778354
2025Q4,20,-0.5632439819714076,0.4,0.17864446323669458,3.417046117229545,0.03133088744121651,UNI,6.0,0.10419261619322595
2026Q1,16,-0.9341601868747186,0.75,0.1814437644218131,2.716387871253693,0.028892898705342118,UNI,6.0,0.25731040778558206
2026Q2,27,0.5395195577926816,0.5555555555555556,0.17907003282745823,2.5017542177048844,-0.05994681102980572,UNI,9.0,0.2923301686173924
2026Q3,34,0.6129042112092389,0.5588235294117647,0.2222124629391036,2.7586277815191065,0.038286490076081627,UNI,13.0,-0.1873756724777985
2020Q1,15,-0.1598517809541122,0.5333333333333333,0.19985298845837485,4.068331341926857,-0.02617736044050194,LTC,6.0,-0.5207632603229777
2020Q2,31,-0.2881465871938882,0.5161290322580645,0.16967018224432245,2.1594872377771335,-0.05033192075146275,LTC,11.0,0.20673027199410587
2020Q3,38,-0.12239613243130784,0.5263157894736842,0.19207062183521847,2.523287519937289,-0.11459085786599153,LTC,14.0,-0.3004292432839152
2020Q4,53,0.6352368102415425,0.5283018867924528,0.21797163038977008,3.4883923093293387,-0.026702080258797833,LTC,21.0,-0.10159515546388816
2021Q1,39,0.10750395340195329,0.5641025641025641,0.17475755618203576,4.605679409726049,-0.057650571315376306,LTC,12.0,-0.004011047242794663
2021Q2,28,0.26145453687816683,0.6071428571428571,0.1865781704311054,5.335301462689387,0.008647370110697277,LTC,11.0,-0.17731260961377637
2021Q3,24,0.002883402956753857,0.7083333333333334,0.1818209743463718,3.182855302838352,-0.011823807784235566,LTC,10.0,-0.14701754349788895
2021Q4,30,1.184938836993073,0.5333333333333333,0.16984063674799738,3.27002869248241,0.029981045123472282,LTC,11.0,0.1594328697368753
2022Q1,21,-0.08342172767414543,0.6190476190476191,0.20414036295711346,2.8368781679769763,0.0846725500521353,LTC,12.0,-0.15473394271162919
2022Q2,13,-0.9977369718624788,0.5384615384615384,0.1972365644563721,3.259686005376873,0.02781902980107861,LTC,3.0,0.024882694127424276
2022Q3,22,-0.7769254879750233,0.7272727272727273,0.16138900314021348,2.722358094957439,-0.034306074514937016,LTC,12.0,-0.5735811894024659
2022Q4,25,0.3806978019509205,0.48,0.1738253297459891,2.5007916100907606,-0.10110765320489477,LTC,10.0,0.4580297268290635
2023Q1,29,0.17207827258659295,0.4482758620689655,0.20236841356270313,2.4116466042469957,-0.01896653768989135,LTC,13.0,-0.18476297280325968
2023Q2,43,0.5556191079523121,0.4186046511627907,0.21722366778110214,2.0400726894831176,-0.06959558120678551,LTC,15.0,-0.1366333662563863
2023Q3,19,-0.46584371017056153,0.631578947368421,0.21441708003693286,1.913225119596786,-0.03439641989316257,LTC,6.0,-0.29252395443186513
2023Q4,31,0.01086034897165333,0.6774193548387096,0.1589590481901981,1.7521940699010798,-0.12816021743468967,LTC,15.0,-0.22694097357493473
2024Q1,36,0.1774513361665848,0.4722222222222222,0.20148197880831398,2.3493681347164386,-0.040537582370281634,LTC,13.0,0.3108949126966294
2024Q2,12,-0.7462819674759555,0.75,0.16166890232941683,2.037368148055116,-0.008738866488103177,LTC,5.0,-0.4516355561553097
2024Q3,20,0.18072126557932872,0.75,0.19784814046263485,1.9452094659521115,0.016914767585177654,LTC,6.0,-0.07207938352305494
2024Q4,37,0.26762677598308277,0.6486486486486487,0.1947360093175094,2.984556745785624,-0.05232072364713616,LTC,13.0,-0.03022847834661196
2025Q1,31,0.22016477342464777,0.5483870967741935,0.17365128090247559,3.401244520907836,0.004653567312170083,LTC,11.0,-0.03664806822895353
2025Q2,21,-0.30048234515188127,0.7142857142857143,0.16484001308683371,2.278799782468304,0.021609777320714552,LTC,11.0,0.18613419279063884
2025Q3,35,0.12141086886105718,0.6,0.16813818420506085,2.0737007971184704,-0.014077056275929848,LTC,13.0,0.3606801995936521
2025Q4,23,-1.1639616233653711,0.6086956521739131,0.1702142386140702,2.6074061262585997,-0.037855832075888995,LTC,10.0,-0.2940692299709263
2026Q1,20,0.03610092435999759,0.55,0.1639784793330212,2.001954446957658,0.07482843287471518,LTC,6.0,0.24638493157062158
2026Q2,24,-0.9860849482229993,0.75,0.15808293300602716,1.483292173662955,-0.05588817657399248,LTC,14.0,-0.6135612306069759
2026Q3,23,1.2890260376414298,0.5652173913043478,0.18221735422122723,1.413657515919841,-0.011898914390794007,LTC,11.0,-0.23674423188652058
2020Q3,0,,,0.09956843616013343,7.6927753145614926,-0.1042633171090065,AVAX,,
2020Q4,6,-0.14627727862517093,0.6666666666666666,0.14540165309670874,3.8617250941243966,-0.05831815766036548,AVAX,4.0,-0.15163263273625344
2021Q1,26,0.980807691871078,0.38461538461538464,0.21602357633720848,7.010728712981876,-0.08855309633219509,AVAX,13.0,0.06627384476754533
2021Q2,15,-0.4306960999942024,0.8666666666666667,0.1615166351265103,6.7323950766145995,-0.14564306763235443,AVAX,8.0,-0.2524444563692625
2021Q3,32,-0.08716469937024253,0.5,0.1853767575461173,5.378869249739071,-0.03030610148249033,AVAX,16.0,-0.16099543585970566
2021Q4,39,0.5473036640532339,0.6410256410256411,0.18791616669013947,4.330550221810522,-0.032870863581017186,AVAX,17.0,-0.05697755758567631
2022Q1,23,0.08574557215854195,0.7391304347826086,0.19245299968709276,3.9012956256074616,0.03872175142772035,AVAX,10.0,-0.05472340299446303
2022Q2,10,-0.27779141485469505,0.5,0.19428438995323433,5.0716180718454416,0.0035851430741531123,AVAX,4.0,0.10409446012520254
2022Q3,21,-0.07151374522037106,0.5238095238095238,0.22076759420852493,3.3252285909810073,-9.703834765745029e-05,AVAX,9.0,0.05234479826456665
2022Q4,12,0.11405183750598423,0.8333333333333334,0.18313756264853506,2.379209417884701,0.05096517151229052,AVAX,6.0,-0.21499963099594663
2023Q1,32,-0.06949232086930646,0.5,0.21621203746454318,2.871144839961438,0.11473082036778856,AVAX,15.0,-0.3395437586967951
2023Q2,24,-0.24204799214243122,0.5416666666666666,0.19156960286723487,1.951506959890395,-0.03468026668128196,AVAX,10.0,0.025255452713513628
2023Q3,18,0.041577517586361426,0.6666666666666666,0.18698796143963228,1.7146732415590882,-0.07119081398624352,AVAX,5.0,0.21245281474753108
2023Q4,50,0.3095412449483252,0.6,0.21687031495033435,3.5475581736451933,0.024113982051912234,AVAX,24.0,-0.2217234848552904
2024Q1,26,0.3565263888153182,0.6153846153846154,0.17933352042536604,3.4762666341971165,-0.06398017923066578,AVAX,13.0,0.026414709411501883
2024Q2,18,-0.08279725308041358,0.6666666666666666,0.22270990661066967,2.9028205820474318,-0.05783118935649268,AVAX,5.0,0.06932837493930195
2024Q3,23,0.5991437281937002,0.391304347826087,0.20502743484335287,2.7179979616858274,-0.007871233519953034,AVAX,10.0,0.6563727481871192
2024Q4,31,0.1384132362787199,0.6451612903225806,0.19896856983979425,3.3601376530120572,-0.08604205311955791,AVAX,15.0,0.1073318895657765
2025Q1,14,-0.39135017056216087,0.5714285714285714,0.1907903789473781,3.3895708432777303,0.0444756005441603,AVAX,5.0,0.255549386793537
2025Q2,16,0.12233417649809855,0.5,0.19946166850178765,2.8582649059371374,-0.038610028779450925,AVAX,9.0,-0.13656382668160197
2025Q3,32,0.4983060949291326,0.5,0.19444919566582985,2.631992289468723,0.05451707289424893,AVAX,12.0,0.4083699233428759
2025Q4,14,-0.6263263474802911,0.5714285714285714,0.1968173861104878,2.738930011789679,-0.05922711502392375,AVAX,3.0,-0.4952738402331003
2026Q1,25,-0.2247756313760438,0.76,0.19243667020385397,2.29222453837422,0.10244894161527261,AVAX,9.0,-0.3132099302911069
2026Q2,18,-0.7725709542906709,0.7777777777777778,0.1497374950858269,2.1658174885346297,-0.05245798910353627,AVAX,11.0,-0.2416304164256968
2026Q3,14,0.6108947674122515,0.2857142857142857,0.13522551678425218,1.896509299794989,-0.039921598411133616,AVAX,5.0,0.7126532926215696
2021Q1,5,-0.44225234540997677,0.6,0.1459845112016887,5.8672156851459425,0.10409332092753426,HBAR,2.0,0.48588634893347876
2021Q2,13,-1.0862434164871069,0.7692307692307693,0.1288720228221685,6.58806399615581,-0.14346192709770758,HBAR,5.0,-0.623532069675445
2021Q3,49,-0.7176286029211174,0.8367346938775511,0.14919546392570188,4.543034679000966,-0.06397558845067429,HBAR,21.0,-0.21163479054987744
2021Q4,31,-0.5336956786854897,0.7741935483870968,0.16989040593450022,3.8562324904356027,-0.018274817080920606,HBAR,14.0,-0.1137465082510545
2022Q1,20,-0.15574590421296486,0.7,0.18537136812831495,3.2487222556013746,0.055884597163462044,HBAR,9.0,-0.14391858299237947
2022Q2,7,-0.2955144867053988,1.0,0.18739597858806473,4.010331600475577,-0.008203530116692226,HBAR,2.0,0.48997424486305013
2022Q3,21,-0.6768077283887729,0.6666666666666666,0.16823232710782304,2.708799088502209,-0.016651843690494557,HBAR,10.0,-0.21078438097194016
2022Q4,18,-0.4676003369677566,0.7222222222222222,0.1589056245965135,2.128254873531513,-0.020669131981601484,HBAR,8.0,0.15277157871319982
2023Q1,30,0.31479034026635166,0.5,0.20856940110256686,3.151944623163617,-0.05327717400195073,HBAR,12.0,0.4056286950532466
2023Q2,22,-0.3113916972047399,0.7727272727272727,0.18371203677349518,2.0657923534284257,-0.0871492876848595,HBAR,7.0,-0.2645333442040774
2023Q3,27,0.3971703937321967,0.7037037037037037,0.1616946117612255,2.393497985923349,-0.05724034704498311,HBAR,11.0,-0.08301878215117127
2023Q4,33,-0.0770912134091034,0.696969696969697,0.1612747240257228,2.3976261182894794,-0.0884475223387789,HBAR,15.0,-0.14482288738848365
2024Q1,26,0.882555772848382,0.5384615384615384,0.17985875470546064,3.0615433013306252,-0.042260314425866745,HBAR,11.0,0.3304791934187936
2024Q2,16,-0.72665376209898,0.6875,0.20019295531365902,3.0673385736541876,0.23915090670677353,HBAR,7.0,1.0142677873841437
2024Q3,16,-0.3463124163962974,0.5625,0.19713907853666063,2.4663702181304923,-0.08873726036655757,HBAR,7.0,-0.14541939737293236
2024Q4,41,0.9165138932053851,0.6097560975609756,0.19992028861987632,4.517914933165884,-0.10739642800951936,HBAR,17.0,0.2243041884954577
2025Q1,25,0.10318013897885728,0.64,0.1648213163871499,3.993015540555123,-0.04783186174761432,HBAR,9.0,0.14469949945527538
2025Q2,27,-0.09102209721952309,0.6666666666666666,0.18682508589951277,2.7312497254975665,-0.033201599264281345,HBAR,12.0,-0.07601291692702732
2025Q3,40,0.536236444587507,0.6,0.18963030321224547,2.7006656289398427,0.03850429408479842,HBAR,12.0,0.599155933310447
2025Q4,13,-1.371359869722897,0.7692307692307693,0.18378504899011414,2.855319587649107,0.01881628064183096,HBAR,4.0,0.07076861295993114
2026Q1,19,-0.5398255132722108,0.6842105263157895,0.1625257289906657,2.3585669129726683,0.05123264833584415,HBAR,6.0,-0.11158095152907677
2026Q2,31,-0.2755013473581817,0.6451612903225806,0.15393919036365666,1.8493685680704526,-0.12415096465361619,HBAR,13.0,-0.35189231500598933
2026Q3,23,1.6691084199607875,0.4782608695652174,0.18999473591134322,1.6866279866914196,-0.16744847238421107,HBAR,8.0,-0.3718825496012191
