q,cont5,fail3,er30,ac1,atr_pct,trades,exp_R,total_R
2020Q1,0.3892098388149933,0.56174124770616,0.21125885653417875,-0.045512575754746945,4.199758055507679,62,0.3637626154489414,22.553282157834367
2020Q2,0.19159912632722056,0.5101199457422584,0.1743214907120877,-0.0552182253988957,2.3939673734076514,113,0.3059819793350461,34.57596366486021
2020Q3,0.24881386826665128,0.5635502056601223,0.1794219498083504,-0.08701702792925775,4.325193929336332,136,0.07518593668678356,10.225287389402563
2020Q4,0.4062253729928192,0.5417041503329905,0.18832509091236793,-0.01185489151821677,3.6196842981183157,191,-0.0022264476750744125,-0.4252515059392128
2021Q1,0.8551454013439127,0.5534807076367875,0.17859860156765525,-0.033779537246958806,5.526004132641114,212,0.14421989809765623,30.57461839670312
2021Q2,0.18819778877148396,0.580584075185258,0.17917411477947873,-0.06115063990745249,6.194611970658425,158,-0.01418939236097758,-2.2419239930344577
2021Q3,0.13338337078114346,0.5825361513821419,0.18557930168997605,-0.021702723112170225,3.786887740662128,191,-0.06366685808946951,-12.160369895088676
2021Q4,0.13337760671669438,0.5705758221707291,0.1753114172053788,-0.001383034285943691,3.4398106872239307,195,-0.04905537322642561,-9.565797779152993
2022Q1,0.2192348337705078,0.5905847024511212,0.20203982803319853,0.050517448110348716,3.20294887933117,154,0.04868045265923858,7.496789709522742
2022Q2,-0.5621444754530873,0.6702686353501571,0.18631190623301178,-0.004777468412408245,3.8660803313597025,78,0.06509121293722761,5.077114609103753
2022Q3,-0.39672574136581135,0.6474787633775005,0.1824701500013493,-0.02285607052205447,2.7899478335426022,171,-0.14858445000308312,-25.407940950527216
2022Q4,0.06514755677528421,0.6243707250987,0.18211069829216597,-0.04489714339662488,2.4495190911570774,130,0.022572410123863185,2.934413316102214
2023Q1,0.045592438376926676,0.5390346433506596,0.19564761854761006,-0.008471343496246484,2.4531986855990753,228,-0.0815407183684575,-18.591283788008308
2023Q2,-0.19566163790231333,0.6210753027663262,0.18944238359225424,-0.05738026227337734,1.886566735461,158,-0.07900676946222221,-12.48306957503111
2023Q3,0.08073206232422617,0.6594336531847146,0.18807296261182188,-0.01370196902717927,1.8857036081967014,160,-0.1546912628509985,-24.750602056159757
2023Q4,0.1750261700737622,0.6353242804281605,0.18395488811064917,-0.06180944105947693,2.353430901215452,286,-0.11269560564945481,-32.23094321574408
2024Q1,0.33988249089450895,0.5484221655212648,0.19223080787785576,-0.06084703930191436,2.8228973300468763,228,0.07773934393271024,17.724570416657937
2024Q2,-0.25694240467699037,0.6299350126843102,0.19335805769642328,-0.02105328887536065,2.486002270930877,113,0.019904960575833432,2.249260545069178
2024Q3,0.3882706626694096,0.5100642664471488,0.20266200038137372,-0.009378877975081405,2.3127052927161773,155,0.23768762870666424,36.84158244953296
2024Q4,0.6976676461264778,0.5689865864324832,0.19432696752266693,-0.052609778633873255,3.2440860408490595,221,0.2635828917712141,58.251819081438306
2025Q1,-0.14948973548005812,0.5736448396106513,0.18461579277080564,0.021152816390066716,3.147047084800845,116,0.12536013477669844,14.541775634097018
2025Q2,0.13856989366302164,0.615772482074401,0.17561039463417494,-0.020602214817273146,2.452503642272721,174,0.06122698910295636,10.653496103914406
2025Q3,0.4018094736932591,0.5375883498116272,0.19560538450551265,0.019367967730760164,2.264849600070772,198,0.3840177974725405,76.03552389956302
2025Q4,-0.673711342079479,0.5947436877735791,0.18334521561717748,0.01780368065161945,2.5398056343681725,99,-0.17985208063548383,-17.8053559829129
2026Q1,-0.20090921964011782,0.5972073105558012,0.18523204678338762,0.09435983834382713,2.2212270571251245,136,-0.04089572844241197,-5.5618190681680275
2026Q2,-0.32587250553023606,0.6382571246233173,0.17706743235330782,-0.03263827323172234,1.947689221748786,175,-0.12600122356076493,-22.050214123133863
2026Q3,1.1628339267801646,0.5204081688416726,0.18775991133933057,-0.01261824080456018,1.7887622032291235,133,0.24784477038424138,32.9633544611041
