symbol,start,end,signals_hl,signals_binance,signal_match_pct,trades_hl,trades_binance,exp_R_hl,exp_R_binance,total_R_hl,total_R_binance
ETH,2024-06-16T04:00:00+00:00,2026-08-31T20:00:00+00:00,167,167,77.8443113772455,93,93,0.23087688916855517,0.31724076890969144,21.47155069267563,29.503391508601304
BNB,2024-06-16T04:00:00+00:00,2026-08-31T20:00:00+00:00,170,191,62.303664921465966,99,101,-0.08504282586998216,-0.03662384805985459,-8.419239761128233,-3.699008654045313
XRP,2024-06-16T08:00:00+00:00,2026-08-31T20:00:00+00:00,171,150,86.0,84,82,0.40880911540384623,0.2875793997736836,34.339965693923084,23.581510781442052
SOL,2024-06-16T04:00:00+00:00,2026-08-31T20:00:00+00:00,169,155,84.51612903225806,90,91,0.2149735379063082,0.2393632955841035,19.347618411567737,21.782059898153417
TRX,2024-06-16T08:00:00+00:00,2026-08-31T20:00:00+00:00,185,151,60.264900662251655,105,92,0.0769993930687265,0.22951690528506583,8.084936272216282,21.115555286226055
ZEC,2025-04-19T00:00:00+00:00,2026-08-31T20:00:00+00:00,93,120,58.333333333333336,46,62,0.20839855405590996,0.2306467203496464,9.586333486571858,14.300096661678076
DOGE,2024-06-16T04:00:00+00:00,2026-08-31T20:00:00+00:00,183,159,83.01886792452831,96,85,0.42659238520959314,0.4596241636913628,40.95286898012094,39.06805391376584
LINK,2024-06-16T04:00:00+00:00,2026-08-31T20:00:00+00:00,188,157,77.07006369426752,100,91,0.15160646046706983,0.15372198068178974,15.160646046706981,13.988700242042867
XMR,2025-08-01T20:00:00+00:00,2026-08-31T20:00:00+00:00,62,98,37.755102040816325,37,59,-0.22547518715610101,-0.14715095221250962,-8.342581924775738,-8.681906180538068
ADA,2024-06-16T08:00:00+00:00,2026-08-31T20:00:00+00:00,159,155,77.41935483870968,88,84,-0.050705112268363856,0.1380494537536139,-4.4620498796160195,11.596154115303568
XLM,2024-06-14T12:00:00+00:00,2026-08-31T20:00:00+00:00,96,136,49.26470588235294,58,81,0.1918009814440993,0.09056184860072233,11.124456923757759,7.335509736658509
NEAR,2024-06-16T04:00:00+00:00,2026-08-31T20:00:00+00:00,196,153,79.73856209150327,95,79,0.12772285983414974,0.13626198478516843,12.133671684244225,10.764696798028307
BCH,2024-06-16T08:00:00+00:00,2026-08-31T20:00:00+00:00,156,142,75.35211267605634,94,95,-0.01930938005034376,-0.1340312761270576,-1.8150817247323134,-12.73297123207047
UNI,2024-06-16T08:00:00+00:00,2026-08-31T20:00:00+00:00,175,151,79.47019867549669,98,88,0.05876747074459674,0.10682977757483059,5.759212132970481,9.401020426585092
LTC,2024-06-16T04:00:00+00:00,2026-08-31T20:00:00+00:00,194,173,72.25433526011561,112,96,-0.13647055602255373,-0.07227112048371535,-15.284702274526019,-6.9380275664366735
SUI,2024-06-16T04:00:00+00:00,2026-08-31T20:00:00+00:00,171,157,80.2547770700637,90,88,0.1905936277162115,0.1682598685253409,17.153426494459033,14.806868430229997
AVAX,2024-06-16T04:00:00+00:00,2026-08-31T20:00:00+00:00,157,130,78.46153846153847,89,79,0.13230671132075772,0.13006038986967702,11.775297307547437,10.274770799704486
HBAR,2024-06-16T08:00:00+00:00,2026-08-31T20:00:00+00:00,147,144,68.05555555555556,88,88,0.07155285512375384,0.03164682219612474,6.296651250890338,2.7849203532589772
SHIB,2024-06-16T08:00:00+00:00,2026-08-31T20:00:00+00:00,148,154,77.92207792207792,81,89,0.2271097893199939,0.16033203104517008,18.395892934919505,14.269550763020137
