rank,symbol,hl_coin,bars,gaps,start,end,longs,shorts,avg_trade_pct,return_1x_pct,max_dd_1x_pct,trades,win_rate,exp_R,total_R,profit_factor,max_dd_R,return_pct,max_dd_pct,t_stat,avg_bars_held
2,ETH,ETH,5000,0,2024-06-16T04:00:00+00:00,2026-09-27T08:00:00+00:00,82,14,0.3589518605970399,33.08056440869931,23.978190943440314,96,0.4270833333333333,0.21301819962015692,20.449747163535065,1.5775824814431436,10.893086552468098,21.42651524028103,10.385880240905887,1.4059843802551741,5.052083333333333
4,BNB,BNB,5000,0,2024-06-16T04:00:00+00:00,2026-09-27T08:00:00+00:00,92,12,-0.11989121441683298,-13.495546858619445,23.90010946750063,104,0.34615384615384615,-0.07268080984089179,-7.558804223452746,0.8166810486845353,15.602971414852462,-7.6716679695362995,14.711337557320114,-0.8179098445365361,3.1923076923076925
5,XRP,XRP,4999,0,2024-06-16T08:00:00+00:00,2026-09-27T08:00:00+00:00,75,14,1.530080990028532,237.88452319465114,14.486263542103961,89,0.47191011235955055,0.36513269183240377,32.49680957308394,2.1080674531447663,5.377710526929047,36.90621087573738,5.281970752562626,2.2267363443354493,3.955056179775281
7,SOL,SOL,5000,0,2024-06-16T04:00:00+00:00,2026-09-27T08:00:00+00:00,76,18,0.45231217773284765,43.83466373619167,24.531460158442197,94,0.4148936170212766,0.18381888668883162,17.278975348750173,1.5481568100268215,7.273040803472868,18.067832752792267,7.180702435861585,1.4894818178293008,5.404255319148936
8,TRX,TRX,4999,0,2024-06-16T08:00:00+00:00,2026-09-27T08:00:00+00:00,98,10,0.451229314067888,53.288717897838175,20.609063442950436,108,0.39814814814814814,0.053446700868434505,5.7722436937909265,1.1435988818808465,11.565179466102302,5.275813360979353,10.97006481477958,0.5092266813302107,3.925925925925926
9,ZEC,ZEC,3159,0,2025-04-19T00:00:00+00:00,2026-09-27T08:00:00+00:00,49,4,1.133720651312486,59.390720472256135,17.863329481273173,53,0.3584905660377358,0.19106511452601752,10.126451069878929,1.5543441714240742,3.57483409661868,10.230258169636919,3.525098904634727,1.1464552786940316,4.377358490566038
11,HYPE,HYPE,3967,0,2024-12-05T08:00:00+00:00,2026-09-27T08:00:00+00:00,60,12,1.5614858838405763,169.75520204720644,21.475010373983782,72,0.4305555555555556,0.3161312055485117,22.76144679949284,2.1560651339920973,4.175849735399044,24.725700034174025,4.10323306318362,1.9895699154711717,5.041666666666667
12,DOGE,DOGE,5000,0,2024-06-16T04:00:00+00:00,2026-09-27T08:00:00+00:00,79,21,1.373347754525403,232.79643742398108,18.658970372176288,100,0.47,0.3914724505990907,39.14724505990907,2.2358809635505237,3.8091465468905206,46.22742155067636,3.7524589152114873,2.6289221577472133,4.56
13,LINK,LINK,5000,0,2024-06-16T04:00:00+00:00,2026-09-27T08:00:00+00:00,87,18,0.4540643805632523,45.10141565078067,29.510189143493392,105,0.41904761904761906,0.13608656922107032,14.289089768212385,1.3684633470950387,10.183959738920775,14.52410986312065,9.812792846218487,1.1787576331769019,4.180952380952381
14,XMR,XMR,2530,0,2025-08-01T20:00:00+00:00,2026-09-27T08:00:00+00:00,34,6,-1.1555889860277464,-38.20019459470391,38.20019459470391,40,0.25,-0.2790746757703556,-11.162987030814225,0.4343659400472799,11.162987030814225,-10.702838544724669,10.702838544724669,-2.065723867463867,3.875
17,ADA,ADA,4999,0,2024-06-16T08:00:00+00:00,2026-09-27T08:00:00+00:00,77,14,0.08199233058578245,-5.147439062994286,49.589859569066284,91,0.2967032967032967,-0.046898977140882175,-4.267806919820278,0.9073556950352601,16.15818601073349,-4.877857376722128,15.169866400176934,-0.3484748216561704,3.4835164835164836
20,XLM,XLM,5010,0,2024-06-14T12:00:00+00:00,2026-09-27T08:00:00+00:00,50,12,0.5441525451395991,28.859821397463836,25.834575103921075,62,0.4838709677419355,0.16869503537960626,10.459092193535588,1.5569423722648412,5.073577957543989,10.481769393268126,4.974958244347394,1.0421785773764063,4.112903225806452
21,NEAR,NEAR,5000,0,2024-06-16T04:00:00+00:00,2026-09-27T08:00:00+00:00,87,18,0.3156100514163721,15.457622049712372,31.36818650546359,105,0.34285714285714286,0.124050879563719,13.025342354190496,1.3264713424981134,5.966779296097892,12.79897526363536,5.822493397096951,0.9178846055452553,4.266666666666667
22,BCH,BCH,4999,0,2024-06-16T08:00:00+00:00,2026-09-27T08:00:00+00:00,79,19,0.12360713849165239,2.03849756249197,45.64159267070528,98,0.35714285714285715,0.012947839384407927,1.2688882596719768,1.0335623494457706,15.537163369505253,0.623753681495054,14.497061807571699,0.10989516161763406,4.6020408163265305
23,UNI,UNI,4999,0,2024-06-16T08:00:00+00:00,2026-09-27T08:00:00+00:00,85,19,0.35477395599488415,27.595946047327182,28.488137865319796,104,0.36538461538461536,0.07343488321588121,7.637227854451646,1.2059419246644532,6.792280905315774,7.236358941625753,6.607285538262653,0.6625587249307439,4.0576923076923075
24,LTC,LTC,5000,0,2024-06-16T04:00:00+00:00,2026-09-27T08:00:00+00:00,102,20,-0.37951906088456494,-39.789701537509956,46.127621347295836,122,0.38524590163934425,-0.11884057490460627,-14.498550138361965,0.7050589090405128,19.736757284584645,-13.940373428008323,18.06600533764504,-1.4288493821804582,3.581967213114754
25,CC,CC,1986,0,2025-10-31T12:00:00+00:00,2026-09-27T08:00:00+00:00,27,9,-0.8226352174694092,-29.13853474432726,43.011914204290115,36,0.19444444444444445,-0.2984487252532355,-10.74415410911648,0.4235805812675191,13.912078524976724,-10.316896248116237,13.059281982601313,-2.084308414353131,3.888888888888889
26,SUI,SUI,5000,0,2024-06-16T04:00:00+00:00,2026-09-27T08:00:00+00:00,76,17,0.9275707799672757,105.77652474935037,19.754267225478127,93,0.40860215053763443,0.2135275264103128,19.858059956159092,1.6390745649116514,4.5607894406287635,20.998872632745492,4.486858094222235,1.5675979624363656,4.333333333333333
28,AVAX,AVAX,5000,0,2024-06-16T04:00:00+00:00,2026-09-27T08:00:00+00:00,74,21,0.46421883086927956,44.70027895585842,30.929086556408127,95,0.43157894736842106,0.12246037315194801,11.633735449435061,1.3616875323516457,10.842937303044684,11.67311776694162,10.346283140472623,1.0610064838706517,4.71578947368421
30,GRAM,TON+GRAM,4909,0,2024-06-14T12:00:00+00:00,2026-09-27T08:00:00+00:00,68,17,0.2508195260871917,15.152555095562192,40.2779316606824,85,0.3058823529411765,-0.03173642423498384,-2.697596059973626,0.922757427479888,16.84679287943588,-3.1099347810252254,15.642987474797609,-0.27738786128113496,3.2823529411764705
32,HBAR,HBAR,4999,0,2024-06-16T08:00:00+00:00,2026-09-27T08:00:00+00:00,74,19,0.17188017603570688,2.737920170185215,36.18177816814247,93,0.3655913978494624,0.07811701099231363,7.264882022285168,1.183375599537424,10.941397658635372,6.420488577861105,10.458667262382216,0.49165964248680155,3.4946236559139785
33,TAO,TAO,5000,0,2024-06-16T04:00:00+00:00,2026-09-27T08:00:00+00:00,73,19,0.774456180111052,80.96463216282292,36.804657811157725,92,0.4782608695652174,0.2365853492581264,21.76585213174763,1.8064275662293077,6.6574947277224314,23.64394907938032,6.462736481995346,2.117640125757438,4.489130434782608
34,SHIB,kSHIB,4999,0,2024-06-16T08:00:00+00:00,2026-09-27T08:00:00+00:00,74,11,0.6536026114142225,55.89150139984196,26.080304397555732,85,0.38823529411764707,0.19472160840830463,16.551336714705894,1.4698890631504733,8.347323164009286,17.082348254588098,8.076042342947986,1.3208410903054928,3.3176470588235296
40,ENA,ENA,4999,0,2024-06-16T08:00:00+00:00,2026-09-27T08:00:00+00:00,76,23,0.4692390699307411,25.576022365524054,44.20457163682897,99,0.37373737373737376,0.15053131626647645,14.902600310381168,1.394759867378201,9.326415519474864,14.877050450850572,9.010229354317856,1.0190110044471283,4.424242424242424
42,ONDO,ONDO,5000,0,2024-06-16T04:00:00+00:00,2026-09-27T08:00:00+00:00,71,24,0.0035263969412960405,-6.595382065462896,51.27960829324203,95,0.43157894736842106,0.0010778878435937337,0.1023993451414047,1.0030574472646452,14.300538581057731,-0.23561751366565353,13.431081915640942,0.01235836981336074,4.157894736842105
47,AAVE,AAVE,4999,0,2024-06-16T08:00:00+00:00,2026-09-27T08:00:00+00:00,79,23,-0.03030149107258659,-13.962646024743064,36.6984393516384,102,0.3333333333333333,0.04335308542451051,4.422014713300072,1.1049423667095524,6.842424405750522,3.7126170998269092,6.670897968153289,0.3503054007411784,4.6568627450980395
50,MNT,MNT,4999,0,2024-06-16T08:00:00+00:00,2026-09-27T08:00:00+00:00,73,27,0.8076449420661023,101.02219293638099,19.550103031741205,100,0.45,0.2053589019095373,20.53589019095373,1.5537282362879963,5.939930016755494,21.85812436984682,5.815122241506998,1.6612019061073788,5.09
51,PUMP,PUMP,2667,0,2025-07-10T00:00:00+00:00,2026-09-27T08:00:00+00:00,42,12,-0.9891255947323567,-45.978425490785135,55.59873971183453,54,0.3148148148148148,-0.1646890281034733,-8.893207517587559,0.6411599929771992,12.16507963202818,-8.727080160369095,11.613113999258594,-1.29139093715719,3.9444444444444446
52,WLD,WLD,4999,0,2024-06-16T08:00:00+00:00,2026-09-27T08:00:00+00:00,69,24,0.5405455723168568,35.217041651748104,49.48727654716991,93,0.3548387096774194,0.11828663291428793,11.000656861028776,1.3074612681776676,12.797205517816824,10.796081099818933,12.096973685748846,0.8902815314235046,4.010752688172043
53,DOT,DOT,4999,0,2024-06-16T08:00:00+00:00,2026-09-27T08:00:00+00:00,63,23,0.5292729347868077,45.5002207301646,25.068840735264487,86,0.4069767441860465,0.18358428738158006,15.788248714815884,1.5427931246057405,6.937272077837175,16.2409016617421,6.731192045763301,1.288530101876246,4.337209302325581
