logged_at_utc,event,signal_id,bar_time_utc,side,symbol,data_source,engine_version,run_id,commit_sha,signal_to_send_minutes,ref_price,entry_zone_low,entry_zone_high,expires_at_utc,r_usdt,callback_pct,stop_level,r_pct_of_price,entry_price,exit_price,bars_held,trail_at_event,exit_reason,open,high,low,close,volume,atr14,atr_pct_of_price,rsi,rsi_roc,ema_fast,ema_slow,ema_spread_pct,vol_avg,vol_ratio,prior_high,prior_rsi_peak,breakout_margin_pct,actual_fill_price,actual_qty,actual_exit_price,notes
2026-09-03T16:11:34.806224+00:00,SIGNAL,20260903T1200-L,2026-09-03T12:00:00+00:00,long,ETHUSDT,binance_spot_mirror,mex-fwd-1.1.0,33777098903,efd4f517,11.6,2516.58,2486.088,2547.072,2026-09-03T20:00:00+00:00,60.984,2.4233,2455.596,2.4233,,,,,,2407.2,2517.17,2405.09,2516.58,129908.0326,40.655995,1.6155,67.279767,30.067519,2430.382618,2426.574219,0.156945,48896.755495,2.6568,2489.95,55.722442,1.0932,,,,
2026-09-03T20:01:40.047262+00:00,ENTRY,20260903T1200-L,2026-09-03T16:00:00+00:00,long,ETHUSDT,binance_spot_mirror,mex-fwd-1.1.0,33799812630,191749d3,1.7,2516.58,,,,61.0701,2.4267,2455.5099,2.4267,2516.58,,,2468.4481,,2516.58,2529.84,2488.38,2518.18,66639.7675,40.713424,1.6168,67.496807,30.516452,2438.744273,2430.166603,0.352966,50243.73473,1.3263,2517.17,67.279767,0.5033,,,,
2026-09-04T16:04:59.989134+00:00,EXIT,20260903T1200-L,2026-09-04T12:00:00+00:00,long,ETHUSDT,binance_spot_mirror,mex-fwd-1.1.0,33878095203,91fd0de6,5.0,,,,,61.0701,2.4267,,,2516.58,2484.8599,5,2484.8599,trailing_stop,2523.03,2532.21,2431.61,2451.98,177564.8812,42.757332,1.7438,48.879679,-18.617128,2461.45636,2442.399632,0.780246,60058.10721,2.9566,2546.66,67.496807,-0.5674,,,,
2026-09-11T16:03:44.937506+00:00,SIGNAL,20260911T1200-L,2026-09-11T12:00:00+00:00,long,ETHUSDT,binance_spot_mirror,mex-fwd-1.1.0,34592777433,5fb9fb38,3.7,2559.42,2524.7227,2594.1173,2026-09-11T20:00:00+00:00,69.3945,2.7113,2490.0255,2.7113,,,,,,2458.27,2665.99,2433.77,2559.42,380386.0521,46.263015,1.8076,66.20583,20.434537,2477.063541,2471.98545,0.205426,65859.29657,5.7757,2523.3,58.209111,5.6549,,,,
2026-09-11T20:05:38.608685+00:00,ENTRY,20260911T1200-L,2026-09-11T16:00:00+00:00,long,ETHUSDT,binance_spot_mirror,mex-fwd-1.1.0,34614522201,f21b0532,5.6,2559.42,,,,70.3156,2.7473,2489.1144,2.7473,2559.43,,,2512.8732,,2559.43,2583.86,2529.0,2539.49,93181.0589,46.877085,1.8459,61.400283,21.53552,2483.008918,2474.632687,0.338484,68607.715875,1.3582,2665.99,66.20583,-3.0807,,,,
2026-09-12T00:07:24.291434+00:00,EXIT,20260911T1200-L,2026-09-11T20:00:00+00:00,long,ETHUSDT,binance_spot_mirror,mex-fwd-1.1.0,34650531054,bdc1a6a8,7.4,,,,,70.3156,2.7473,,,2559.43,2512.8732,1,2512.8732,trailing_stop,2539.49,2547.95,2506.3,2516.43,47254.9239,46.503722,1.848,56.307561,13.495648,2486.191878,2476.271797,0.400605,67560.300205,0.6994,2665.99,66.20583,-4.4276,,,,
2026-09-18T20:03:05.825580+00:00,SIGNAL,20260918T1600-L,2026-09-18T16:00:00+00:00,long,ETHUSDT,binance_spot_mirror,mex-fwd-1.1.0,35359470860,60d402e9,3.1,2636.71,2603.3629,2670.0571,2026-09-19T00:00:00+00:00,66.6942,2.5294,2570.0158,2.5294,,,,,,2584.07,2646.0,2578.93,2636.71,119098.9021,44.462778,1.6863,75.735983,27.257226,2487.177649,2478.385009,0.354773,65777.25387,1.8106,2597.66,71.019587,1.8609,,,,
2026-09-19T00:04:40.386730+00:00,ENTRY,20260918T1600-L,2026-09-18T20:00:00+00:00,long,ETHUSDT,binance_spot_mirror,mex-fwd-1.1.0,35395550221,08625cab,4.7,2636.71,,,,65.3567,2.4787,2571.3533,2.4787,2636.71,,,2574.7665,,2636.71,2640.21,2608.23,2612.14,58473.0934,43.571151,1.668,70.009913,14.542605,2499.078825,2483.630302,0.622014,62375.19933,0.9374,2646.0,75.735983,-0.2188,,,,
2026-09-20T04:05:43.750608+00:00,EXIT,20260918T1600-L,2026-09-20T00:00:00+00:00,long,ETHUSDT,binance_spot_mirror,mex-fwd-1.1.0,35478529190,516154b6,5.7,,,,,65.3567,2.4787,,,2636.71,2601.8677,7,2601.8677,trailing_stop,2632.7,2632.97,2564.33,2588.03,45702.4072,40.463035,1.5635,58.605307,-12.854559,2562.354731,2518.32287,1.74846,50546.678975,0.9042,2668.0,75.735983,-1.313,,,,
2026-09-21T04:05:06.326486+00:00,SIGNAL,20260921T0000-L,2026-09-21T00:00:00+00:00,long,ETHUSDT,binance_spot_mirror,mex-fwd-1.1.0,35536492174,76a610ec,5.1,2665.95,2635.6734,2696.2266,2026-09-21T08:00:00+00:00,60.5532,2.2714,2605.3968,2.2714,,,,,,2645.21,2707.7,2643.71,2665.95,98738.5453,40.368824,1.5142,69.444146,13.395881,2590.373762,2540.259903,1.972785,51435.82199,1.9196,2668.0,75.735983,1.488,,,,
2026-09-21T08:07:05.481724+00:00,ENTRY,20260921T0000-L,2026-09-21T04:00:00+00:00,long,ETHUSDT,binance_spot_mirror,mex-fwd-1.1.0,35551359847,f768377a,7.1,2665.95,,,,59.6694,2.2382,2606.2806,2.2382,2665.95,,,2618.7452,,2665.95,2678.7,2646.58,2661.66,39568.8587,39.779622,1.4945,68.215452,11.746127,2597.162928,2545.020691,2.048794,52423.841105,0.7548,2707.7,75.735983,-1.071,,,,
2026-09-21T12:00:08.608968+00:00,SIGNAL,20260921T0800-L,2026-09-21T08:00:00+00:00,long,DOGEUSDT,binance_spot_mirror,mex-fwd-2.0.0,35571471176,183badc2,0.1,0.0934,0.0918,0.0949,2026-09-21T16:00:00+00:00,0.0031,3.3286,0.0903,3.3286,,,,,,0.08973,0.09488,0.08967,0.09336,625830028.0,0.002072,2.2191,74.03548,21.6378,0.087202,0.085673,1.784673,195304635.9,3.2044,0.09135,74.318134,3.8643,,,,
2026-09-21T12:00:11.071820+00:00,SIGNAL,20260921T0800-L,2026-09-21T08:00:00+00:00,long,XRPUSDT,binance_spot_mirror,mex-fwd-2.0.0,35571471176,183badc2,0.2,1.4856,1.4617,1.5095,2026-09-21T16:00:00+00:00,0.0478,3.2202,1.4378,3.2202,,,,,,1.4386,1.4982,1.438,1.4856,82464821.5,0.031893,2.1468,72.128862,17.54265,1.402279,1.380554,1.573708,32453562.32,2.541,1.4538,66.719752,3.0541,,,,
2026-09-21T12:00:12.453967+00:00,SIGNAL,20260921T0800-L,2026-09-21T08:00:00+00:00,long,SOLUSDT,binance_spot_mirror,mex-fwd-2.0.0,35571471176,183badc2,0.2,116.8,115.1604,118.4396,2026-09-21T16:00:00+00:00,3.2792,2.8075,113.5208,2.8075,,,,,,112.11,117.18,112.07,116.8,1210079.99,2.186103,1.8717,76.394037,18.915729,109.835532,106.388758,3.239792,534664.6002,2.2633,114.32,83.66808,2.5017,,,,
2026-09-21T16:03:15.259231+00:00,ENTRY,20260921T0800-L,2026-09-21T12:00:00+00:00,long,DOGEUSDT,binance_spot_mirror,mex-fwd-2.0.0,35612658286,ca9333c3,3.3,0.0934,,,,0.0035,3.771,0.0898,3.771,0.0934,,,0.0945,,0.09337,0.09818,0.09225,0.09733,652178834.0,0.002347,2.4117,79.743872,21.409868,0.088166,0.08613,2.364384,219316247.55,2.9737,0.09488,74.318134,3.4781,,,,
2026-09-21T16:03:17.946593+00:00,ENTRY,20260921T0800-L,2026-09-21T12:00:00+00:00,long,XRPUSDT,binance_spot_mirror,mex-fwd-2.0.0,35612658286,ca9333c3,3.3,1.4856,,,,0.0485,3.2628,1.4371,3.2628,1.4856,,,1.4602,,1.4856,1.5094,1.4716,1.495,60978569.2,0.032315,2.1615,73.329954,14.6669,1.41111,1.385042,1.882132,34031539.24,1.7918,1.4982,72.128862,0.7476,,,,
2026-09-21T16:03:19.077668+00:00,ENTRY,20260921T0800-L,2026-09-21T12:00:00+00:00,long,SOLUSDT,binance_spot_mirror,mex-fwd-2.0.0,35612658286,ca9333c3,3.3,116.8,,,,3.361,2.8776,113.439,2.8776,116.8,,,115.7214,,116.8,119.15,116.2,117.94,1287104.991,2.240667,1.8998,78.032144,15.575989,110.607386,106.841747,3.524501,561053.19245,2.2941,117.18,83.66808,1.6812,,,,
2026-09-22T04:01:36.770551+00:00,EXIT,20260921T0000-L,2026-09-22T00:00:00+00:00,long,ETHUSDT,binance_spot_mirror,mex-fwd-2.0.0,35677138787,746c465b,1.6,,,,,59.6694,2.2382,,,2665.95,2744.506,5,2744.506,trailing_stop,2776.2,2777.55,2726.1,2739.65,56265.5041,44.463856,1.623,69.498219,1.282767,2658.332119,2582.551336,2.934338,54534.243175,1.0317,2807.34,79.353158,-1.0611,,,,
2026-09-22T04:01:39.510532+00:00,EXIT,20260921T0800-L,2026-09-22T00:00:00+00:00,long,DOGEUSDT,binance_spot_mirror,mex-fwd-2.0.0,35677138787,746c465b,1.7,,,,,0.0035,3.771,,,0.0934,0.0983,3,0.0983,trailing_stop,0.09987,0.10227,0.09783,0.10193,552886469.0,0.002761,2.7092,84.419758,18.521283,0.091293,0.087716,4.078476,261841822.45,2.1115,0.10211,82.491655,0.1567,,,,
2026-09-22T04:01:39.813652+00:00,SIGNAL,20260922T0000-L,2026-09-22T00:00:00+00:00,long,DOGEUSDT,binance_spot_mirror,mex-fwd-2.0.0,35677138787,746c465b,1.7,0.1019,0.0999,0.104,2026-09-22T08:00:00+00:00,0.0041,4.0638,0.0978,4.0638,,,,,,0.09987,0.10227,0.09783,0.10193,552886469.0,0.002761,2.7092,84.419758,18.521283,0.091293,0.087716,4.078476,261841822.45,2.1115,0.10211,82.491655,0.1567,,,,
2026-09-22T04:01:40.737375+00:00,EXIT,20260921T0800-L,2026-09-22T00:00:00+00:00,long,XRPUSDT,binance_spot_mirror,mex-fwd-2.0.0,35677138787,746c465b,1.7,,,,,0.0485,3.2628,,,1.4856,1.5229,3,1.5229,trailing_stop,1.5363,1.5407,1.5035,1.5156,42976958.8,0.035364,2.3334,71.109545,6.329168,1.439356,1.40029,2.78982,35706430.87,1.2036,1.5743,78.047197,-2.1343,,,,
2026-09-22T04:01:41.975055+00:00,EXIT,20260921T0800-L,2026-09-22T00:00:00+00:00,long,SOLUSDT,binance_spot_mirror,mex-fwd-2.0.0,35677138787,746c465b,1.7,,,,,3.361,2.8776,,,116.8,116.5372,3,116.5372,trailing_stop,118.91,119.48,116.3,116.8,585637.698,2.250068,1.9264,69.041695,2.050759,112.516119,108.103559,4.081789,504110.1512,1.1617,119.99,83.66808,-0.425,,,,
2026-09-22T08:09:50.592500+00:00,ENTRY,20260922T0000-L,2026-09-22T04:00:00+00:00,long,DOGEUSDT,binance_spot_mirror,mex-fwd-2.1.0,35700680389,50088eb1,9.8,0.1019,,,,0.0046,4.5604,0.0973,4.5604,0.1019,,,0.1011,,0.10194,0.10589,0.0984,0.09884,567789036.0,0.003099,3.1356,71.722415,-2.313065,0.092012,0.088152,4.378747,283029956.2,2.0061,0.10227,84.419758,3.5396,,,,
2026-09-22T12:02:21.428423+00:00,EXIT,20260922T0000-L,2026-09-22T08:00:00+00:00,long,DOGEUSDT,binance_spot_mirror,mex-fwd-2.1.0,35700680389,50088eb1,2.4,,,,,0.0046,4.5604,,,0.1019,0.0988,1,0.1011,trailing_stop,0.09884,0.09979,0.09716,0.09792,240439168.0,0.003066,3.1308,68.422652,-11.32122,0.092575,0.088535,4.562664,286692392.95,0.8387,0.10589,84.419758,-5.7607,,,,
2026-09-22T16:03:25.189601+00:00,SIGNAL,20260922T1200-L,2026-09-22T12:00:00+00:00,long,XRPUSDT,binance_spot_mirror,mex-fwd-2.1.0,35732954188,747c4196,3.4,1.5722,1.5439,1.6005,2026-09-22T20:00:00+00:00,0.0566,3.6015,1.5156,3.6015,,,,,,1.5378,1.5958,1.5297,1.5722,78762691.9,0.037749,2.401,77.673451,2.804923,1.466668,1.416496,3.542027,39601610.245,1.9889,1.5743,78.047197,1.3657,,,,
2026-09-22T20:06:00.809221+00:00,ENTRY,20260922T1200-L,2026-09-22T16:00:00+00:00,long,XRPUSDT,binance_spot_mirror,mex-fwd-2.1.0,35762650302,8d9e7581,6.0,1.5722,,,,0.0592,3.7661,1.513,3.7661,1.5722,,,1.5488,,1.5722,1.6094,1.5475,1.5877,57840868.1,0.039474,2.4862,79.118194,1.070997,1.478195,1.423209,3.863492,41281494.465,1.4011,1.5958,78.047197,0.8522,,,,
2026-09-23T12:06:29.653716+00:00,EXIT,20260922T1200-L,2026-09-23T08:00:00+00:00,long,XRPUSDT,binance_spot_mirror,mex-fwd-2.1.0,35845612210,7bf9d9da,6.5,,,,,0.0592,3.7661,,,1.5722,1.5957,4,1.5957,trailing_stop,1.6168,1.6217,1.5682,1.5733,58145902.3,0.042685,2.7131,65.710276,-11.963176,1.516777,1.448648,4.702969,45712451.57,1.272,1.6581,79.118194,-2.1953,,,,
2026-09-25T12:00:46.282568+00:00,SIGNAL,20260925T0800-L,2026-09-25T08:00:00+00:00,long,SOLUSDT,binance_spot_mirror,mex-fwd-2.1.0,36108885862,214daf97,0.8,120.82,119.0079,122.6321,2026-09-25T16:00:00+00:00,3.6242,2.9997,117.1958,2.9997,,,,,,116.38,122.33,116.34,120.82,1099381.805,2.416158,1.9998,66.574264,10.297826,116.192743,112.8266,2.983466,523125.05355,2.1016,119.77,72.951175,2.1374,,,,
2026-09-25T16:03:25.477449+00:00,ENTRY,20260925T0800-L,2026-09-25T12:00:00+00:00,long,SOLUSDT,binance_spot_mirror,mex-fwd-2.1.0,36108885862,214daf97,3.4,120.82,,,,3.7093,3.0698,117.1207,3.0698,120.83,,,117.7508,,120.83,121.48,118.27,120.13,1244018.234,2.472861,2.0585,63.859245,5.003724,116.56772,113.113008,3.054213,557315.77975,2.2322,122.33,72.951175,-0.6948,,,,
2026-09-28T00:01:40.583516+00:00,EXIT,20260925T0800-L,2026-09-27T20:00:00+00:00,long,SOLUSDT,binance_spot_mirror,mex-fwd-2.1.0,36345414066,16b7d006,1.7,,,,,3.7093,3.0698,,,120.83,121.1142,14,121.1142,trailing_stop,123.04,123.45,120.96,121.99,323042.541,2.222408,1.8218,57.230625,-1.445925,120.733187,116.914902,3.265867,467647.4402,0.6908,124.95,68.00993,-1.2005,,,,
2026-09-29T12:02:52.133750+00:00,SIGNAL,20260929T0800-L,2026-09-29T08:00:00+00:00,long,ETHUSDT,binance_spot_mirror,mex-fwd-2.1.0,36542245681,b0b43c62,2.9,2732.47,2705.1957,2759.7443,2026-09-29T16:00:00+00:00,54.5485,1.9963,2677.9215,1.9963,,,,,,2712.35,2738.51,2702.78,2732.47,67480.9295,36.365698,1.3309,60.263845,11.777762,2688.934742,2672.938511,0.598451,33784.016705,1.9974,2724.12,57.837142,0.5282,,,,
2026-09-29T16:04:17.881717+00:00,ENTRY,20260929T0800-L,2026-09-29T12:00:00+00:00,long,ETHUSDT,binance_spot_mirror,mex-fwd-2.1.0,36587247371,f12a0511,4.3,2732.47,,,,59.2344,2.1678,2673.2356,2.1678,2732.47,,,2689.016,,2732.47,2748.6,2668.5,2674.17,99895.7943,39.489577,1.4767,47.587087,0.252273,2687.528576,2672.986805,0.544027,38144.71756,2.6189,2738.51,60.263845,0.3684,,,,
2026-09-29T20:06:45.960461+00:00,EXIT,20260929T0800-L,2026-09-29T16:00:00+00:00,long,ETHUSDT,binance_spot_mirror,mex-fwd-2.1.0,36587247371,f12a0511,6.8,,,,,59.2344,2.1678,,,2732.47,2674.16,1,2689.016,trailing_stop,2674.16,2700.0,2668.4,2690.01,30464.8955,38.926035,1.4471,50.626018,-0.941791,2687.764902,2673.654381,0.527762,38833.8377,0.7845,2748.6,60.263845,-1.7682,,,,
2026-10-01T03:41:22.199190+00:00,SIGNAL,20260930T1200-L,2026-09-30T12:00:00+00:00,long,MNTUSDT,hyperliquid,mex-fwd-2.2.0,36811633080,dcc07a97,701.4,0.69603,0.68466911,0.70739089,2026-09-30T20:00:00+00:00,0.022721781,3.2645,0.67330822,3.2645,,,,,EXPIRED_BEFORE_SEND,0.68935,0.7083,0.68784,0.69603,540200.7,0.015148,2.1763,61.453824,13.368141,0.675301,0.665588,1.459314,148782.375,3.6308,0.69479,58.680376,1.9445,,,,
2026-10-01T03:41:23.603553+00:00,ENTRY,20260930T1200-L,2026-09-30T16:00:00+00:00,long,MNTUSDT,hyperliquid,mex-fwd-2.2.0,36811633080,dcc07a97,461.4,0.69603,,,,0.022617011,3.2497,0.67335299,3.2497,0.69597,,,0.68267004,,0.69597,0.7056,0.69143,0.69341,236890.7,0.015078,2.1745,59.82135,12.410242,0.677026,0.66668,1.551961,157902.29,1.5002,0.7083,61.453824,-0.3812,,,,
2026-10-01T16:06:15.287586+00:00,EXIT,20260930T1200-L,2026-10-01T12:00:00+00:00,long,MNTUSDT,hyperliquid,mex-fwd-2.2.0,36878721709,42333f4e,6.3,,,,,0.022617011,3.2497,,,0.69597,0.68267004,5,0.68267004,trailing_stop,0.69146,0.69217,0.67571,0.68003,107984.4,0.013598,1.9997,49.808733,-10.012616,0.682585,0.671217,1.693566,146176.07,0.7387,0.7083,62.779099,-2.2773,,,,
2026-10-02T08:09:08.409568+00:00,SIGNAL,20261002T0400-L,2026-10-02T04:00:00+00:00,long,SOLUSDT,hyperliquid,mex-fwd-2.3.0,36972029694,dfacbc59,9.1,121.7,120.02788,123.37212,2026-10-02T12:00:00+00:00,3.3442488,2.7479,118.35575,2.7479,,,,,,121.22,123.74,120.68,121.7,771762.34,2.229499,1.832,60.778799,14.365156,119.072151,118.14022,0.788835,359438.58,2.1471,122.74,59.324136,0.8147,,,,
2026-10-02T12:02:37.905560+00:00,ENTRY,20261002T0400-L,2026-10-02T08:00:00+00:00,long,SOLUSDT,hyperliquid,mex-fwd-2.3.0,36972029694,9ff81d1c,2.6,121.7,,,,3.2789453,2.6943,118.42105,2.6943,121.7,,,119.65684,,121.7,122.97,121.35,121.79,258067.02,2.185964,1.7949,61.059995,16.840175,119.330993,118.283348,0.885708,357248.139,0.7224,123.74,60.778799,-0.6223,,,,
2026-10-02T16:09:45.105175+00:00,EXIT,20261002T0400-L,2026-10-02T12:00:00+00:00,long,SOLUSDT,hyperliquid,mex-fwd-2.3.0,37010793573,f8b7a2be,9.8,,,,,3.2789453,2.6943,,,121.7,119.65684,1,119.65684,trailing_stop,121.8,123.33,119.61,119.93,684898.07,2.295538,1.9141,52.657601,4.358614,119.388042,118.347923,0.878865,380964.943,1.7978,123.74,61.059995,-0.3313,,,,
2026-10-04T16:06:37.575173+00:00,SIGNAL,20261004T1200-L,2026-10-04T12:00:00+00:00,long,SUIUSDT,hyperliquid,mex-fwd-2.3.0,37210409564,c45868fa,6.6,1.2564,1.2285679,1.2842321,2026-10-04T20:00:00+00:00,0.055664225,4.4305,1.2007358,4.4305,,,,,,1.1803,1.2661,1.1788,1.2564,7745704.8,0.037109,2.9536,65.966078,13.672285,1.179208,1.148508,2.673029,5095697.775,1.52,1.2198,55.026453,3.7957,,,,
2026-10-04T20:10:06.435302+00:00,ENTRY,20261004T1200-L,2026-10-04T16:00:00+00:00,long,SUIUSDT,hyperliquid,mex-fwd-2.3.0,37210409564,85dd1946,10.1,1.2564,,,,0.056809637,4.5216,1.1995904,4.5216,1.2564,,,1.2032185,,1.2564,1.2602,1.2124,1.2153,5859087.7,0.037873,3.1164,56.883244,2.646398,1.182646,1.151128,2.73801,5133004.315,1.1415,1.2661,65.966078,-0.466,,,,
2026-10-05T00:04:42.791266+00:00,EXIT,20261004T1200-L,2026-10-04T20:00:00+00:00,long,SUIUSDT,hyperliquid,mex-fwd-2.3.0,37225099879,65aa2830,4.7,,,,,0.056809637,4.5216,,,1.2564,1.2032185,1,1.2032185,trailing_stop,1.2156,1.2216,1.1962,1.2092,4345854.4,0.036982,3.0584,55.658335,3.127441,1.185175,1.153405,2.754422,4786410.59,0.908,1.2661,65.966078,-3.5147,,,,
