run_at_utc,status,data_source,bars_available,last_bar_utc,bars_processed,events_emitted,position_open,position_side,position_signal_id,unrealised_R,telegram_ok,sheet_ok,engine_version,run_id,commit_sha,message
2026-08-30T13:51:03.712481+00:00,bootstrap,binance_spot_mirror,999,2026-08-30T08:00:00+00:00,0,0,False,,,,,False,mex-fwd-1.0.0,33315268036,8d97c250,mulai dari bar 2026-08-30 08:00:00+00:00
2026-08-30T13:52:14.782243+00:00,heartbeat,binance_spot_mirror,,2026-08-30T08:00:00+00:00,,,False,,,,False,False,mex-fwd-1.0.0,33315319547,a412158b,
2026-08-30T16:16:12.370546+00:00,heartbeat,binance_spot_mirror,,2026-08-30T08:00:00+00:00,,,False,,,,True,True,mex-fwd-1.0.0,33321966087,b88bf1ed,
2026-08-30T16:18:24.443274+00:00,heartbeat,binance_spot_mirror,,2026-08-30T08:00:00+00:00,,,False,,,,True,unreachable,mex-fwd-1.0.0,33322066101,55c99013,
2026-08-30T18:02:32.619337+00:00,ok,binance_spot_mirror,999,2026-08-30T12:00:00+00:00,1,0,False,,,,no_events,not_configured,mex-fwd-1.0.0,33326911917,b3730dcd,
2026-08-30T20:58:20.996377+00:00,ok,binance_spot_mirror,999,2026-08-30T16:00:00+00:00,1,0,False,,,,no_events,not_configured,mex-fwd-1.0.0,33335089332,1d2b76a3,
2026-08-30T23:25:15.566413+00:00,ok,binance_spot_mirror,999,2026-08-30T16:00:00+00:00,0,0,False,,,,no_events,not_configured,mex-fwd-1.0.0,33341754143,0f7223d1,
2026-08-31T05:20:15.916786+00:00,heartbeat,binance_spot_mirror,,2026-08-30T16:00:00+00:00,,,False,,,,True,not_configured,mex-fwd-1.0.0,33360164893,2175c077,
2026-08-31T05:22:14.464409+00:00,ok,binance_spot_mirror,999,2026-08-31T00:00:00+00:00,2,0,False,,,,no_events,not_configured,mex-fwd-1.0.0,33360283921,b437b36a,
2026-08-31T05:25:51.636629+00:00,heartbeat,binance_spot_mirror,,2026-08-31T00:00:00+00:00,,,False,,,,True,not_configured,mex-fwd-1.0.0,33360494381,34cd0ef3,
2026-08-31T05:26:14.342371+00:00,ok,binance_spot_mirror,999,2026-08-31T00:00:00+00:00,0,0,False,,,,no_events,not_configured,mex-fwd-1.0.0,33360505747,34cd0ef3,
2026-08-31T05:30:22.416304+00:00,heartbeat,binance_spot_mirror,,2026-08-31T00:00:00+00:00,,,False,,,,True,ok,mex-fwd-1.0.0,33360748778,a3f5b7b6,
2026-08-31T05:31:49.609111+00:00,ok,binance_spot_mirror,999,2026-08-31T00:00:00+00:00,0,0,False,,,,no_events,ok,mex-fwd-1.0.0,33360841790,45b045b8,
2026-08-31T07:11:26.841148+00:00,heartbeat,binance_spot_mirror,,2026-08-31T00:00:00+00:00,,,False,,,,True,ok,mex-fwd-1.0.0,33367259405,533d56f7,
2026-08-31T14:16:47.316939+00:00,ok,binance_spot_mirror,999,2026-08-31T08:00:00+00:00,2,0,False,,,,no_events,ok,mex-fwd-1.0.0,33401675967,06c53a43,
2026-08-31T16:06:45.298151+00:00,ok,binance_spot_mirror,999,2026-08-31T12:00:00+00:00,1,0,False,,,,no_events,ok,mex-fwd-1.0.0,33412226801,ff476072,
2026-08-31T20:16:06.660250+00:00,ok,binance_spot_mirror,999,2026-08-31T16:00:00+00:00,1,0,False,,,,no_events,ok,mex-fwd-1.0.0,33435080345,344ebe5a,
2026-08-31T21:27:13.699694+00:00,ok,binance_spot_mirror,999,2026-08-31T16:00:00+00:00,0,0,False,,,,no_events,ok,mex-fwd-1.0.0,33441399212,c38a180a,
2026-09-01T00:43:33.865901+00:00,ok,binance_spot_mirror,999,2026-08-31T20:00:00+00:00,1,0,False,,,,no_events,ok,mex-fwd-1.0.0,33455893383,8a7fb526,
2026-09-01T04:54:26.424248+00:00,ok,binance_spot_mirror,999,2026-09-01T00:00:00+00:00,1,0,False,,,,no_events,ok,mex-fwd-1.0.0,33471564544,2778fb78,
2026-09-01T06:34:43.462285+00:00,ok,binance_spot_mirror,999,2026-09-01T00:00:00+00:00,0,0,False,,,,no_events,ok,mex-fwd-1.0.0,33478183886,7bc1548c,
2026-09-01T12:40:32.999396+00:00,ok,binance_spot_mirror,999,2026-09-01T08:00:00+00:00,2,0,False,,,,no_events,ok,mex-fwd-1.0.0,33508940204,e330d836,
2026-09-01T13:26:54.883611+00:00,ok,binance_spot_mirror,999,2026-09-01T08:00:00+00:00,0,0,False,,,,no_events,ok,mex-fwd-1.0.0,33513398554,6ea1b887,
2026-09-01T17:22:56.836085+00:00,ok,binance_spot_mirror,999,2026-09-01T12:00:00+00:00,1,0,False,,,,no_events,ok,mex-fwd-1.0.0,33537402022,7b55a2e3,
2026-09-01T19:21:09.166544+00:00,ok,binance_spot_mirror,999,2026-09-01T12:00:00+00:00,0,0,False,,,,no_events,ok,mex-fwd-1.0.0,33548968843,9ab009f9,
2026-09-01T20:02:47.007537+00:00,ok,binance_spot_mirror,999,2026-09-01T16:00:00+00:00,1,0,False,,,,no_events,ok,mex-fwd-1.0.0,33552975416,ea9518f2,
2026-09-01T22:32:27.360728+00:00,ok,binance_spot_mirror,999,2026-09-01T16:00:00+00:00,0,0,False,,,,no_events,ok,mex-fwd-1.0.0,33566779788,e733c642,
2026-09-01T23:28:06.882446+00:00,ok,binance_spot_mirror,999,2026-09-01T16:00:00+00:00,0,0,False,,,,no_events,ok,mex-fwd-1.0.0,33571126671,53226bc9,
2026-09-02T01:16:09.382300+00:00,ok,binance_spot_mirror,999,2026-09-01T20:00:00+00:00,1,0,False,,,,no_events,ok,mex-fwd-1.0.0,33578685016,418d6dd5,
2026-09-02T04:14:25.517288+00:00,heartbeat,binance_spot_mirror,,2026-09-01T20:00:00+00:00,,,False,,,,True,ok,mex-fwd-1.0.0,33590024086,844c14fc,
2026-09-02T04:16:03.473106+00:00,ok,binance_spot_mirror,999,2026-09-02T00:00:00+00:00,1,0,False,,,,no_events,ok,mex-fwd-1.0.0,33590136866,70ac1dc9,
2026-09-02T06:11:57.698883+00:00,ok,binance_spot_mirror,999,2026-09-02T00:00:00+00:00,0,0,False,,,,no_events,ok,mex-fwd-1.0.0,33597794450,79cb0e0a,
2026-09-02T08:50:18.169083+00:00,ok,binance_spot_mirror,999,2026-09-02T04:00:00+00:00,1,0,False,,,,no_events,ok,mex-fwd-1.0.0,33610820152,98bc1921,
2026-09-02T11:35:09.566352+00:00,ok,binance_spot_mirror,999,2026-09-02T04:00:00+00:00,0,0,False,,,,no_events,ok,mex-fwd-1.0.0,33625337378,755a5f81,
2026-09-02T12:59:59.375161+00:00,ok,binance_spot_mirror,999,2026-09-02T08:00:00+00:00,1,0,False,,,,no_events,ok,mex-fwd-1.0.0,33633079534,4315e03a,
2026-09-02T17:15:00.585457+00:00,ok,binance_spot_mirror,999,2026-09-02T12:00:00+00:00,1,0,False,,,,no_events,ok,mex-fwd-1.0.0,33659861098,5bb25dc3,
2026-09-02T19:20:58.532697+00:00,ok,binance_spot_mirror,999,2026-09-02T12:00:00+00:00,0,0,False,,,,no_events,ok,mex-fwd-1.0.0,33672737321,dd16a7d8,
2026-09-02T19:59:42.095658+00:00,ok,binance_spot_mirror,999,2026-09-02T12:00:00+00:00,0,0,False,,,,no_events,ok,mex-fwd-1.0.0,33676584340,94b323f2,
2026-09-02T22:32:04.064401+00:00,ok,binance_spot_mirror,999,2026-09-02T16:00:00+00:00,1,0,False,,,,no_events,ok,mex-fwd-1.0.0,33690808404,b12d29bd,
2026-09-02T23:28:57.273661+00:00,ok,binance_spot_mirror,999,2026-09-02T16:00:00+00:00,0,0,False,,,,no_events,ok,mex-fwd-1.0.0,33695249985,a5a8b7f2,
2026-09-03T01:21:35.648130+00:00,ok,binance_spot_mirror,999,2026-09-02T20:00:00+00:00,1,0,False,,,,no_events,ok,mex-fwd-1.0.0,33703296467,e1b376aa,
2026-09-03T03:46:09.140088+00:00,ok,binance_spot_mirror,999,2026-09-02T20:00:00+00:00,0,0,False,,,,nothing_to_send,ok,mex-fwd-1.1.0,33712546176,040ad5e1,
2026-09-03T04:09:48.630979+00:00,heartbeat,binance_spot_mirror,,2026-09-02T20:00:00+00:00,,,False,,,,True,ok,mex-fwd-1.1.0,33714007800,202e9f8f,
2026-09-03T04:10:34.539271+00:00,ok,binance_spot_mirror,999,2026-09-03T00:00:00+00:00,1,0,False,,,,nothing_to_send,ok,mex-fwd-1.1.0,33714062692,bb367aac,
2026-09-03T06:11:40.179753+00:00,ok,binance_spot_mirror,999,2026-09-03T00:00:00+00:00,0,0,False,,,,nothing_to_send,ok,mex-fwd-1.1.0,33722089801,a90d84ac,
2026-09-03T08:59:09.613721+00:00,ok,binance_spot_mirror,999,2026-09-03T04:00:00+00:00,1,0,False,,,,nothing_to_send,ok,mex-fwd-1.1.0,33736302148,27288639,
2026-09-03T11:31:32.830993+00:00,ok,binance_spot_mirror,999,2026-09-03T04:00:00+00:00,0,0,False,,,,nothing_to_send,unreachable,mex-fwd-1.1.0,33750126405,f3743d84,
2026-09-03T16:11:33.621757+00:00,ok,binance_spot_mirror,999,2026-09-03T12:00:00+00:00,2,1,False,,,,sent,ok,mex-fwd-1.1.0,33777098903,efd4f517,
2026-09-03T16:19:31.239201+00:00,ok,binance_spot_mirror,999,2026-09-03T12:00:00+00:00,0,0,False,,,,nothing_to_send,ok,mex-fwd-1.1.0,33777893952,dc123f19,
2026-09-03T17:06:42.591373+00:00,ok,binance_spot_mirror,999,2026-09-03T12:00:00+00:00,0,0,False,,,,nothing_to_send,ok,mex-fwd-1.1.0,33782568222,b07aa3b6,
2026-09-03T19:19:57.270659+00:00,ok,binance_spot_mirror,999,2026-09-03T12:00:00+00:00,0,0,False,,,,nothing_to_send,ok,mex-fwd-1.1.0,33795771794,d7ae2ce6,
2026-09-03T20:01:36.891545+00:00,ok,binance_spot_mirror,999,2026-09-03T16:00:00+00:00,1,1,True,long,20260903T1200-L,0.026,sent,ok,mex-fwd-1.1.0,33799812630,191749d3,
2026-09-03T22:29:38.809342+00:00,ok,binance_spot_mirror,999,2026-09-03T16:00:00+00:00,0,0,True,long,20260903T1200-L,0.026,nothing_to_send,ok,mex-fwd-1.1.0,33813279643,33699471,
2026-09-03T23:25:18.582547+00:00,ok,binance_spot_mirror,999,2026-09-03T16:00:00+00:00,0,0,True,long,20260903T1200-L,0.026,nothing_to_send,ok,mex-fwd-1.1.0,33817499734,86e3aae3,
2026-09-04T01:10:06.416957+00:00,ok,binance_spot_mirror,999,2026-09-03T20:00:00+00:00,1,0,True,long,20260903T1200-L,-0.149,nothing_to_send,ok,mex-fwd-1.1.0,33824685758,3943e6d7,
2026-09-04T03:41:51.288165+00:00,ok,binance_spot_mirror,999,2026-09-03T20:00:00+00:00,0,0,True,long,20260903T1200-L,-0.149,nothing_to_send,ok,mex-fwd-1.1.0,33834123293,f6fe0ea6,
2026-09-04T04:03:13.575214+00:00,ok,binance_spot_mirror,999,2026-09-04T00:00:00+00:00,1,0,True,long,20260903T1200-L,-0.187,nothing_to_send,ok,mex-fwd-1.1.0,33834200068,227759c2,
2026-09-04T04:17:28.580288+00:00,heartbeat,binance_spot_mirror,,2026-09-04T00:00:00+00:00,,,True,long,20260903T1200-L,-0.187,True,ok,mex-fwd-1.1.0,33836246812,7d6840db,
2026-09-04T05:10:58.179736+00:00,ok,binance_spot_mirror,999,2026-09-04T00:00:00+00:00,0,0,True,long,20260903T1200-L,-0.187,nothing_to_send,ok,mex-fwd-1.1.0,33835817550,3b0cc983,
2026-09-04T06:11:17.857497+00:00,ok,binance_spot_mirror,999,2026-09-04T00:00:00+00:00,0,0,True,long,20260903T1200-L,-0.187,nothing_to_send,ok,mex-fwd-1.1.0,33835817550,3b0cc983,
2026-09-04T07:11:33.629927+00:00,ok,binance_spot_mirror,999,2026-09-04T00:00:00+00:00,0,0,True,long,20260903T1200-L,-0.187,nothing_to_send,ok,mex-fwd-1.1.0,33835817550,3b0cc983,
2026-09-04T08:01:48.354944+00:00,ok,binance_spot_mirror,999,2026-09-04T04:00:00+00:00,1,0,True,long,20260903T1200-L,-0.2,nothing_to_send,ok,mex-fwd-1.1.0,33835817550,3b0cc983,
2026-09-04T09:02:04.512315+00:00,ok,binance_spot_mirror,999,2026-09-04T04:00:00+00:00,0,0,True,long,20260903T1200-L,-0.2,nothing_to_send,ok,mex-fwd-1.1.0,33835817550,3b0cc983,
2026-09-04T09:32:38.030440+00:00,ok,binance_spot_mirror,999,2026-09-04T04:00:00+00:00,0,0,True,long,20260903T1200-L,-0.2,nothing_to_send,ok,mex-fwd-1.1.0,33855198308,5095c163,
2026-09-04T10:32:56.719398+00:00,ok,binance_spot_mirror,999,2026-09-04T04:00:00+00:00,0,0,True,long,20260903T1200-L,-0.2,nothing_to_send,ok,mex-fwd-1.1.0,33855198308,5095c163,
2026-09-04T11:33:12.424057+00:00,ok,binance_spot_mirror,999,2026-09-04T04:00:00+00:00,0,0,True,long,20260903T1200-L,-0.2,nothing_to_send,ok,mex-fwd-1.1.0,33855198308,5095c163,
2026-09-04T12:03:21.019794+00:00,ok,binance_spot_mirror,999,2026-09-04T08:00:00+00:00,1,0,True,long,20260903T1200-L,0.105,nothing_to_send,ok,mex-fwd-1.1.0,33855198308,5095c163,
2026-09-04T13:03:37.042151+00:00,ok,binance_spot_mirror,999,2026-09-04T08:00:00+00:00,0,0,True,long,20260903T1200-L,0.105,nothing_to_send,ok,mex-fwd-1.1.0,33855198308,5095c163,
2026-09-04T14:03:52.875256+00:00,ok,binance_spot_mirror,999,2026-09-04T08:00:00+00:00,0,0,True,long,20260903T1200-L,0.105,nothing_to_send,ok,mex-fwd-1.1.0,33855198308,5095c163,
2026-09-04T14:54:36.540302+00:00,ok,binance_spot_mirror,999,2026-09-04T08:00:00+00:00,0,0,True,long,20260903T1200-L,0.105,nothing_to_send,ok,mex-fwd-1.1.0,33878095203,91fd0de6,
2026-09-04T15:54:55.088991+00:00,ok,binance_spot_mirror,999,2026-09-04T08:00:00+00:00,0,0,True,long,20260903T1200-L,0.105,nothing_to_send,ok,mex-fwd-1.1.0,33878095203,91fd0de6,
2026-09-04T16:04:59.309322+00:00,ok,binance_spot_mirror,999,2026-09-04T12:00:00+00:00,1,1,False,,,,sent,ok,mex-fwd-1.1.0,33878095203,91fd0de6,
2026-09-04T17:05:15.968785+00:00,ok,binance_spot_mirror,999,2026-09-04T12:00:00+00:00,0,0,False,,,,nothing_to_send,ok,mex-fwd-1.1.0,33878095203,91fd0de6,
2026-09-04T18:05:30.996575+00:00,ok,binance_spot_mirror,999,2026-09-04T12:00:00+00:00,0,0,False,,,,nothing_to_send,ok,mex-fwd-1.1.0,33878095203,91fd0de6,
2026-09-04T19:05:47.304123+00:00,ok,binance_spot_mirror,999,2026-09-04T12:00:00+00:00,0,0,False,,,,nothing_to_send,ok,mex-fwd-1.1.0,33878095203,91fd0de6,
2026-09-04T20:06:01.694008+00:00,ok,binance_spot_mirror,999,2026-09-04T16:00:00+00:00,1,0,False,,,,nothing_to_send,ok,mex-fwd-1.1.0,33878095203,91fd0de6,
2026-09-04T20:16:30.444317+00:00,ok,binance_spot_mirror,999,2026-09-04T16:00:00+00:00,1,0,False,,,,nothing_to_send,ok,mex-fwd-1.1.0,33911360144,caa8cb1b,
2026-09-04T21:16:49.397652+00:00,ok,binance_spot_mirror,999,2026-09-04T16:00:00+00:00,0,0,False,,,,nothing_to_send,ok,mex-fwd-1.1.0,33911360144,caa8cb1b,
2026-09-04T22:17:04.717833+00:00,ok,binance_spot_mirror,999,2026-09-04T16:00:00+00:00,0,0,False,,,,nothing_to_send,ok,mex-fwd-1.1.0,33911360144,caa8cb1b,
2026-09-04T23:17:19.495466+00:00,ok,binance_spot_mirror,999,2026-09-04T16:00:00+00:00,0,0,False,,,,nothing_to_send,ok,mex-fwd-1.1.0,33911360144,caa8cb1b,
2026-09-05T00:07:32.283637+00:00,ok,binance_spot_mirror,999,2026-09-04T20:00:00+00:00,1,0,False,,,,nothing_to_send,ok,mex-fwd-1.1.0,33911360144,caa8cb1b,
2026-09-05T01:07:47.818489+00:00,ok,binance_spot_mirror,999,2026-09-04T20:00:00+00:00,0,0,False,,,,nothing_to_send,ok,mex-fwd-1.1.0,33911360144,caa8cb1b,
2026-09-05T01:38:16.828575+00:00,ok,binance_spot_mirror,999,2026-09-04T20:00:00+00:00,1,0,False,,,,nothing_to_send,ok,mex-fwd-1.1.0,33931418899,eb4ce5ff,
2026-09-05T02:38:34.803831+00:00,ok,binance_spot_mirror,999,2026-09-04T20:00:00+00:00,0,0,False,,,,nothing_to_send,ok,mex-fwd-1.1.0,33931418899,eb4ce5ff,
2026-09-05T03:38:49.290062+00:00,ok,binance_spot_mirror,999,2026-09-04T20:00:00+00:00,0,0,False,,,,nothing_to_send,ok,mex-fwd-1.1.0,33931418899,eb4ce5ff,
2026-09-05T04:08:56.972408+00:00,ok,binance_spot_mirror,999,2026-09-05T00:00:00+00:00,1,0,False,,,,nothing_to_send,ok,mex-fwd-1.1.0,33931418899,eb4ce5ff,
2026-09-05T04:13:32.493677+00:00,heartbeat,binance_spot_mirror,,2026-09-05T00:00:00+00:00,,,False,,,,True,ok,mex-fwd-1.1.0,33943967059,626461b5,
2026-09-05T05:09:11.681966+00:00,ok,binance_spot_mirror,999,2026-09-05T00:00:00+00:00,0,0,False,,,,nothing_to_send,ok,mex-fwd-1.1.0,33931418899,eb4ce5ff,
2026-09-05T06:09:29.635857+00:00,ok,binance_spot_mirror,999,2026-09-05T00:00:00+00:00,0,0,False,,,,nothing_to_send,ok,mex-fwd-1.1.0,33931418899,eb4ce5ff,
2026-09-05T06:33:53.066296+00:00,heartbeat,binance_spot_mirror,,2026-09-05T00:00:00+00:00,,,False,,,,True,ok,mex-fwd-1.1.0,33950143661,f7713b9c,
2026-09-05T07:34:12.229326+00:00,ok,binance_spot_mirror,999,2026-09-05T00:00:00+00:00,0,0,False,,,,nothing_to_send,ok,mex-fwd-1.1.0,33950143661,f7713b9c,
2026-09-05T08:04:22.923947+00:00,ok,binance_spot_mirror,999,2026-09-05T04:00:00+00:00,1,0,False,,,,nothing_to_send,ok,mex-fwd-1.1.0,33950143661,f7713b9c,
2026-09-05T09:05:14.016602+00:00,ok,binance_spot_mirror,999,2026-09-05T04:00:00+00:00,0,0,False,,,,nothing_to_send,unreachable,mex-fwd-1.1.0,33950143661,f7713b9c,
2026-09-05T10:05:33.776831+00:00,ok,binance_spot_mirror,999,2026-09-05T04:00:00+00:00,0,0,False,,,,nothing_to_send,ok,mex-fwd-1.1.0,33950143661,f7713b9c,
2026-09-05T11:05:53.275408+00:00,ok,binance_spot_mirror,999,2026-09-05T04:00:00+00:00,0,0,False,,,,nothing_to_send,ok,mex-fwd-1.1.0,33950143661,f7713b9c,
2026-09-05T12:06:33.243824+00:00,ok,binance_spot_mirror,999,2026-09-05T08:00:00+00:00,1,0,False,,,,nothing_to_send,ok,mex-fwd-1.1.0,33955565267,fba9dbf7,
2026-09-05T13:06:51.500149+00:00,ok,binance_spot_mirror,999,2026-09-05T08:00:00+00:00,0,0,False,,,,nothing_to_send,ok,mex-fwd-1.1.0,33955565267,fba9dbf7,
2026-09-05T14:07:39.937309+00:00,ok,binance_spot_mirror,999,2026-09-05T08:00:00+00:00,0,0,False,,,,nothing_to_send,ok,mex-fwd-1.1.0,33955565267,fba9dbf7,
2026-09-05T15:07:58.903914+00:00,ok,binance_spot_mirror,999,2026-09-05T08:00:00+00:00,0,0,False,,,,nothing_to_send,ok,mex-fwd-1.1.0,33955565267,fba9dbf7,
2026-09-05T16:08:17.908131+00:00,ok,binance_spot_mirror,999,2026-09-05T12:00:00+00:00,1,0,False,,,,nothing_to_send,ok,mex-fwd-1.1.0,33955565267,fba9dbf7,
2026-09-05T17:08:36.678643+00:00,ok,binance_spot_mirror,999,2026-09-05T12:00:00+00:00,0,0,False,,,,nothing_to_send,ok,mex-fwd-1.1.0,33955565267,fba9dbf7,
2026-09-05T18:09:22.985842+00:00,ok,binance_spot_mirror,999,2026-09-05T12:00:00+00:00,0,0,False,,,,nothing_to_send,ok,mex-fwd-1.1.0,33973761224,5c6cbfd1,
2026-09-05T19:09:43.640512+00:00,ok,binance_spot_mirror,999,2026-09-05T12:00:00+00:00,0,0,False,,,,nothing_to_send,ok,mex-fwd-1.1.0,33973761224,5c6cbfd1,
2026-09-05T20:00:00.838633+00:00,ok,binance_spot_mirror,1000,2026-09-05T16:00:00+00:00,1,0,False,,,,nothing_to_send,ok,mex-fwd-1.1.0,33973761224,5c6cbfd1,
2026-09-05T21:00:22.465410+00:00,ok,binance_spot_mirror,999,2026-09-05T16:00:00+00:00,0,0,False,,,,nothing_to_send,ok,mex-fwd-1.1.0,33973761224,5c6cbfd1,
2026-09-05T22:00:43.703523+00:00,ok,binance_spot_mirror,999,2026-09-05T16:00:00+00:00,0,0,False,,,,nothing_to_send,ok,mex-fwd-1.1.0,33973761224,5c6cbfd1,
2026-09-05T23:01:28.841417+00:00,ok,binance_spot_mirror,999,2026-09-05T16:00:00+00:00,0,0,False,,,,nothing_to_send,ok,mex-fwd-1.1.0,33993665712,a51bc367,
2026-09-06T00:01:49.320814+00:00,ok,binance_spot_mirror,999,2026-09-05T20:00:00+00:00,1,0,False,,,,nothing_to_send,ok,mex-fwd-1.1.0,33993665712,a51bc367,
2026-09-06T00:01:52.944631+00:00,heartbeat,binance_spot_mirror,,2026-09-05T20:00:00+00:00,,,False,,,,True,ok,mex-fwd-1.1.0,33993665712,a51bc367,
2026-09-06T01:02:13.059222+00:00,ok,binance_spot_mirror,999,2026-09-05T20:00:00+00:00,0,0,False,,,,nothing_to_send,ok,mex-fwd-1.1.0,33993665712,a51bc367,
2026-09-06T02:02:33.185243+00:00,ok,binance_spot_mirror,999,2026-09-05T20:00:00+00:00,0,0,False,,,,nothing_to_send,ok,mex-fwd-1.1.0,33993665712,a51bc367,
2026-09-06T03:02:53.575972+00:00,ok,binance_spot_mirror,999,2026-09-05T20:00:00+00:00,0,0,False,,,,nothing_to_send,ok,mex-fwd-1.1.0,33993665712,a51bc367,
2026-09-06T04:03:13.640581+00:00,ok,binance_spot_mirror,999,2026-09-06T00:00:00+00:00,1,0,False,,,,nothing_to_send,ok,mex-fwd-1.1.0,33993665712,a51bc367,
2026-09-06T05:03:53.678433+00:00,ok,binance_spot_mirror,999,2026-09-06T00:00:00+00:00,0,0,False,,,,nothing_to_send,ok,mex-fwd-1.1.0,33999674351,3a630294,
2026-09-06T06:04:10.478709+00:00,ok,binance_spot_mirror,999,2026-09-06T00:00:00+00:00,0,0,False,,,,nothing_to_send,ok,mex-fwd-1.1.0,33999674351,3a630294,
2026-09-06T07:04:27.572382+00:00,ok,binance_spot_mirror,999,2026-09-06T00:00:00+00:00,0,0,False,,,,nothing_to_send,ok,mex-fwd-1.1.0,33999674351,3a630294,
2026-09-06T08:04:45.236660+00:00,ok,binance_spot_mirror,999,2026-09-06T04:00:00+00:00,1,0,False,,,,nothing_to_send,ok,mex-fwd-1.1.0,33999674351,3a630294,
2026-09-06T09:05:02.795670+00:00,ok,binance_spot_mirror,999,2026-09-06T04:00:00+00:00,0,0,False,,,,nothing_to_send,ok,mex-fwd-1.1.0,33999674351,3a630294,
2026-09-06T10:05:42.971150+00:00,ok,binance_spot_mirror,999,2026-09-06T04:00:00+00:00,0,0,False,,,,nothing_to_send,ok,mex-fwd-1.1.0,34023014220,ed33f1ee,
2026-09-06T11:06:02.396323+00:00,ok,binance_spot_mirror,999,2026-09-06T04:00:00+00:00,0,0,False,,,,nothing_to_send,ok,mex-fwd-1.1.0,34023014220,ed33f1ee,
2026-09-06T12:06:22.377118+00:00,ok,binance_spot_mirror,999,2026-09-06T08:00:00+00:00,1,0,False,,,,nothing_to_send,ok,mex-fwd-1.1.0,34023014220,ed33f1ee,
2026-09-06T13:06:42.454987+00:00,ok,binance_spot_mirror,999,2026-09-06T08:00:00+00:00,0,0,False,,,,nothing_to_send,ok,mex-fwd-1.1.0,34023014220,ed33f1ee,
2026-09-06T14:07:02.751559+00:00,ok,binance_spot_mirror,999,2026-09-06T08:00:00+00:00,0,0,False,,,,nothing_to_send,ok,mex-fwd-1.1.0,34023014220,ed33f1ee,
2026-09-06T15:07:44.188657+00:00,ok,binance_spot_mirror,999,2026-09-06T08:00:00+00:00,0,0,False,,,,nothing_to_send,ok,mex-fwd-1.1.0,34034301392,518bf365,
2026-09-06T16:08:03.891542+00:00,ok,binance_spot_mirror,999,2026-09-06T12:00:00+00:00,1,0,False,,,,nothing_to_send,ok,mex-fwd-1.1.0,34034301392,518bf365,
2026-09-06T17:08:24.171213+00:00,ok,binance_spot_mirror,999,2026-09-06T12:00:00+00:00,0,0,False,,,,nothing_to_send,ok,mex-fwd-1.1.0,34034301392,518bf365,
2026-09-06T18:08:44.073198+00:00,ok,binance_spot_mirror,999,2026-09-06T12:00:00+00:00,0,0,False,,,,nothing_to_send,ok,mex-fwd-1.1.0,34034301392,518bf365,
2026-09-06T19:09:04.015640+00:00,ok,binance_spot_mirror,999,2026-09-06T12:00:00+00:00,0,0,False,,,,nothing_to_send,ok,mex-fwd-1.1.0,34034301392,518bf365,
2026-09-06T20:09:23.797387+00:00,ok,binance_spot_mirror,999,2026-09-06T16:00:00+00:00,1,0,False,,,,nothing_to_send,ok,mex-fwd-1.1.0,34034301392,518bf365,
2026-09-06T21:10:03.678038+00:00,ok,binance_spot_mirror,999,2026-09-06T16:00:00+00:00,0,0,False,,,,nothing_to_send,ok,mex-fwd-1.1.0,34052262503,3c7fff03,
2026-09-06T22:10:21.912982+00:00,ok,binance_spot_mirror,999,2026-09-06T16:00:00+00:00,0,0,False,,,,nothing_to_send,ok,mex-fwd-1.1.0,34052262503,3c7fff03,
2026-09-06T23:10:40.427060+00:00,ok,binance_spot_mirror,999,2026-09-06T16:00:00+00:00,0,0,False,,,,nothing_to_send,ok,mex-fwd-1.1.0,34052262503,3c7fff03,
2026-09-07T00:00:56.080875+00:00,ok,binance_spot_mirror,999,2026-09-06T20:00:00+00:00,1,0,False,,,,nothing_to_send,ok,mex-fwd-1.1.0,34052262503,3c7fff03,
2026-09-07T00:00:59.943919+00:00,heartbeat,binance_spot_mirror,,2026-09-06T20:00:00+00:00,,,False,,,,True,ok,mex-fwd-1.1.0,34052262503,3c7fff03,
2026-09-07T01:01:40.343222+00:00,ok,binance_spot_mirror,999,2026-09-06T20:00:00+00:00,0,0,False,,,,nothing_to_send,ok,mex-fwd-1.1.0,34052262503,3c7fff03,
2026-09-07T02:02:18.853435+00:00,ok,binance_spot_mirror,999,2026-09-06T20:00:00+00:00,0,0,False,,,,nothing_to_send,ok,mex-fwd-1.1.0,34071347804,8ad34236,
2026-09-07T03:02:39.014169+00:00,ok,binance_spot_mirror,999,2026-09-06T20:00:00+00:00,0,0,False,,,,nothing_to_send,ok,mex-fwd-1.1.0,34071347804,8ad34236,
2026-09-07T04:02:59.994073+00:00,ok,binance_spot_mirror,999,2026-09-07T00:00:00+00:00,1,0,False,,,,nothing_to_send,ok,mex-fwd-1.1.0,34071347804,8ad34236,
2026-09-07T05:03:19.921612+00:00,ok,binance_spot_mirror,999,2026-09-07T00:00:00+00:00,0,0,False,,,,nothing_to_send,ok,mex-fwd-1.1.0,34071347804,8ad34236,
2026-09-07T06:03:40.089692+00:00,ok,binance_spot_mirror,999,2026-09-07T00:00:00+00:00,0,0,False,,,,nothing_to_send,ok,mex-fwd-1.1.0,34071347804,8ad34236,
2026-09-07T07:04:23.697956+00:00,ok,binance_spot_mirror,999,2026-09-07T00:00:00+00:00,0,0,False,,,,nothing_to_send,ok,mex-fwd-1.1.0,34088914116,293b3c70,
2026-09-07T08:04:44.512093+00:00,ok,binance_spot_mirror,999,2026-09-07T04:00:00+00:00,1,0,False,,,,nothing_to_send,ok,mex-fwd-1.1.0,34088914116,293b3c70,
2026-09-07T09:05:10.086945+00:00,ok,binance_spot_mirror,999,2026-09-07T04:00:00+00:00,0,0,False,,,,nothing_to_send,ok,mex-fwd-1.1.0,34088914116,293b3c70,
2026-09-07T10:05:35.937034+00:00,ok,binance_spot_mirror,999,2026-09-07T04:00:00+00:00,0,0,False,,,,nothing_to_send,ok,mex-fwd-1.1.0,34088914116,293b3c70,
2026-09-07T11:05:57.477525+00:00,ok,binance_spot_mirror,999,2026-09-07T04:00:00+00:00,0,0,False,,,,nothing_to_send,ok,mex-fwd-1.1.0,34088914116,293b3c70,
2026-09-07T12:06:16.639909+00:00,ok,binance_spot_mirror,999,2026-09-07T08:00:00+00:00,1,0,False,,,,nothing_to_send,ok,mex-fwd-1.1.0,34088914116,293b3c70,
2026-09-07T13:10:54.820149+00:00,ok,binance_spot_mirror,999,2026-09-07T08:00:00+00:00,0,0,False,,,,nothing_to_send,ok,mex-fwd-1.1.0,34121334662,892a223e,
2026-09-07T14:11:45.114459+00:00,ok,binance_spot_mirror,999,2026-09-07T08:00:00+00:00,0,0,False,,,,nothing_to_send,ok,mex-fwd-1.1.0,34121334662,892a223e,
2026-09-07T15:12:05.587783+00:00,ok,binance_spot_mirror,999,2026-09-07T08:00:00+00:00,0,0,False,,,,nothing_to_send,ok,mex-fwd-1.1.0,34121334662,892a223e,
2026-09-07T16:02:22.409891+00:00,ok,binance_spot_mirror,999,2026-09-07T12:00:00+00:00,1,0,False,,,,nothing_to_send,ok,mex-fwd-1.1.0,34121334662,892a223e,
2026-09-07T17:02:42.401238+00:00,ok,binance_spot_mirror,999,2026-09-07T12:00:00+00:00,0,0,False,,,,nothing_to_send,ok,mex-fwd-1.1.0,34121334662,892a223e,
2026-09-07T18:03:28.836898+00:00,ok,binance_spot_mirror,999,2026-09-07T12:00:00+00:00,0,0,False,,,,nothing_to_send,ok,mex-fwd-1.1.0,34149412667,7cb1d811,
2026-09-07T19:03:46.945975+00:00,ok,binance_spot_mirror,999,2026-09-07T12:00:00+00:00,0,0,False,,,,nothing_to_send,ok,mex-fwd-1.1.0,34149412667,7cb1d811,
2026-09-07T20:04:05.827416+00:00,ok,binance_spot_mirror,999,2026-09-07T16:00:00+00:00,1,0,False,,,,nothing_to_send,ok,mex-fwd-1.1.0,34149412667,7cb1d811,
2026-09-07T21:04:24.772875+00:00,ok,binance_spot_mirror,999,2026-09-07T16:00:00+00:00,0,0,False,,,,nothing_to_send,ok,mex-fwd-1.1.0,34149412667,7cb1d811,
2026-09-07T22:04:44.193625+00:00,ok,binance_spot_mirror,999,2026-09-07T16:00:00+00:00,0,0,False,,,,nothing_to_send,ok,mex-fwd-1.1.0,34149412667,7cb1d811,
2026-09-07T23:05:02.855001+00:00,ok,binance_spot_mirror,999,2026-09-07T16:00:00+00:00,0,0,False,,,,nothing_to_send,ok,mex-fwd-1.1.0,34149412667,7cb1d811,
2026-09-08T00:05:43.779051+00:00,ok,binance_spot_mirror,999,2026-09-07T20:00:00+00:00,1,0,False,,,,nothing_to_send,ok,mex-fwd-1.1.0,34163199304,f4161969,
2026-09-08T00:05:47.428413+00:00,heartbeat,binance_spot_mirror,,2026-09-07T20:00:00+00:00,,,False,,,,True,ok,mex-fwd-1.1.0,34163199304,f4161969,
2026-09-08T01:06:05.162745+00:00,ok,binance_spot_mirror,999,2026-09-07T20:00:00+00:00,0,0,False,,,,nothing_to_send,ok,mex-fwd-1.1.0,34163199304,f4161969,
2026-09-08T02:06:23.932204+00:00,ok,binance_spot_mirror,999,2026-09-07T20:00:00+00:00,0,0,False,,,,nothing_to_send,ok,mex-fwd-1.1.0,34163199304,f4161969,
2026-09-08T03:06:43.214081+00:00,ok,binance_spot_mirror,999,2026-09-07T20:00:00+00:00,0,0,False,,,,nothing_to_send,ok,mex-fwd-1.1.0,34163199304,f4161969,
2026-09-08T04:07:01.326288+00:00,ok,binance_spot_mirror,999,2026-09-08T00:00:00+00:00,1,0,False,,,,nothing_to_send,ok,mex-fwd-1.1.0,34163199304,f4161969,
2026-09-08T05:07:42.990729+00:00,ok,binance_spot_mirror,999,2026-09-08T00:00:00+00:00,0,0,False,,,,nothing_to_send,ok,mex-fwd-1.1.0,34186992867,0367c4fa,
2026-09-08T06:08:02.370245+00:00,ok,binance_spot_mirror,999,2026-09-08T00:00:00+00:00,0,0,False,,,,nothing_to_send,ok,mex-fwd-1.1.0,34186992867,0367c4fa,
2026-09-08T07:08:22.375306+00:00,ok,binance_spot_mirror,999,2026-09-08T00:00:00+00:00,0,0,False,,,,nothing_to_send,ok,mex-fwd-1.1.0,34186992867,0367c4fa,
2026-09-08T08:08:42.915266+00:00,ok,binance_spot_mirror,999,2026-09-08T04:00:00+00:00,1,0,False,,,,nothing_to_send,ok,mex-fwd-1.1.0,34186992867,0367c4fa,
2026-09-08T09:09:03.431353+00:00,ok,binance_spot_mirror,999,2026-09-08T04:00:00+00:00,0,0,False,,,,nothing_to_send,ok,mex-fwd-1.1.0,34186992867,0367c4fa,
2026-09-08T10:09:47.949166+00:00,ok,binance_spot_mirror,999,2026-09-08T04:00:00+00:00,0,0,False,,,,nothing_to_send,ok,mex-fwd-1.1.0,34207815751,d16d6521,
2026-09-08T11:10:05.265150+00:00,ok,binance_spot_mirror,999,2026-09-08T04:00:00+00:00,0,0,False,,,,nothing_to_send,ok,mex-fwd-1.1.0,34207815751,d16d6521,
2026-09-08T12:00:20.047453+00:00,ok,binance_spot_mirror,999,2026-09-08T08:00:00+00:00,1,0,False,,,,nothing_to_send,ok,mex-fwd-1.1.0,34207815751,d16d6521,
2026-09-08T13:00:38.372164+00:00,ok,binance_spot_mirror,999,2026-09-08T08:00:00+00:00,0,0,False,,,,nothing_to_send,ok,mex-fwd-1.1.0,34207815751,d16d6521,
2026-09-08T14:00:56.564528+00:00,ok,binance_spot_mirror,999,2026-09-08T08:00:00+00:00,0,0,False,,,,nothing_to_send,ok,mex-fwd-1.1.0,34207815751,d16d6521,
2026-09-08T15:01:15.982268+00:00,ok,binance_spot_mirror,999,2026-09-08T08:00:00+00:00,0,0,False,,,,nothing_to_send,ok,mex-fwd-1.1.0,34207815751,d16d6521,
2026-09-08T16:03:07.222400+00:00,ok,binance_spot_mirror,999,2026-09-08T12:00:00+00:00,1,0,False,,,,nothing_to_send,ok,mex-fwd-1.1.0,34232542833,b4b60ff4,
2026-09-08T17:03:29.250701+00:00,ok,binance_spot_mirror,999,2026-09-08T12:00:00+00:00,0,0,False,,,,nothing_to_send,ok,mex-fwd-1.1.0,34232542833,b4b60ff4,
2026-09-08T18:03:50.295915+00:00,ok,binance_spot_mirror,999,2026-09-08T12:00:00+00:00,0,0,False,,,,nothing_to_send,ok,mex-fwd-1.1.0,34232542833,b4b60ff4,
2026-09-08T19:04:10.919101+00:00,ok,binance_spot_mirror,999,2026-09-08T12:00:00+00:00,0,0,False,,,,nothing_to_send,ok,mex-fwd-1.1.0,34232542833,b4b60ff4,
2026-09-08T20:04:32.654457+00:00,ok,binance_spot_mirror,999,2026-09-08T16:00:00+00:00,1,0,False,,,,nothing_to_send,ok,mex-fwd-1.1.0,34232542833,b4b60ff4,
2026-09-08T21:05:20.473519+00:00,ok,binance_spot_mirror,999,2026-09-08T16:00:00+00:00,0,0,False,,,,nothing_to_send,ok,mex-fwd-1.1.0,34273487483,98ce162e,
2026-09-08T22:05:41.113835+00:00,ok,binance_spot_mirror,999,2026-09-08T16:00:00+00:00,0,0,False,,,,nothing_to_send,ok,mex-fwd-1.1.0,34273487483,98ce162e,
2026-09-08T23:06:01.440081+00:00,ok,binance_spot_mirror,999,2026-09-08T16:00:00+00:00,0,0,False,,,,nothing_to_send,ok,mex-fwd-1.1.0,34273487483,98ce162e,
2026-09-09T00:06:21.876669+00:00,ok,binance_spot_mirror,999,2026-09-08T20:00:00+00:00,1,0,False,,,,nothing_to_send,ok,mex-fwd-1.1.0,34273487483,98ce162e,
2026-09-09T00:06:25.030504+00:00,heartbeat,binance_spot_mirror,,2026-09-08T20:00:00+00:00,,,False,,,,True,ok,mex-fwd-1.1.0,34273487483,98ce162e,
2026-09-09T01:06:45.090110+00:00,ok,binance_spot_mirror,999,2026-09-08T20:00:00+00:00,0,0,False,,,,nothing_to_send,ok,mex-fwd-1.1.0,34273487483,98ce162e,
2026-09-09T02:07:05.000301+00:00,ok,binance_spot_mirror,999,2026-09-08T20:00:00+00:00,0,0,False,,,,nothing_to_send,ok,mex-fwd-1.1.0,34273487483,98ce162e,
2026-09-09T03:07:45.379470+00:00,ok,binance_spot_mirror,999,2026-09-08T20:00:00+00:00,0,0,False,,,,nothing_to_send,ok,mex-fwd-1.1.0,34298234354,e55ff8d1,
2026-09-09T04:08:04.407660+00:00,ok,binance_spot_mirror,999,2026-09-09T00:00:00+00:00,1,0,False,,,,nothing_to_send,ok,mex-fwd-1.1.0,34298234354,e55ff8d1,
2026-09-09T05:08:22.799557+00:00,ok,binance_spot_mirror,999,2026-09-09T00:00:00+00:00,0,0,False,,,,nothing_to_send,ok,mex-fwd-1.1.0,34298234354,e55ff8d1,
2026-09-09T06:08:41.470236+00:00,ok,binance_spot_mirror,999,2026-09-09T00:00:00+00:00,0,0,False,,,,nothing_to_send,ok,mex-fwd-1.1.0,34298234354,e55ff8d1,
2026-09-09T07:09:00.167579+00:00,ok,binance_spot_mirror,999,2026-09-09T00:00:00+00:00,0,0,False,,,,nothing_to_send,ok,mex-fwd-1.1.0,34298234354,e55ff8d1,
2026-09-09T08:09:40.850872+00:00,ok,binance_spot_mirror,999,2026-09-09T04:00:00+00:00,1,0,False,,,,nothing_to_send,ok,mex-fwd-1.1.0,34319941303,d53ed6a1,
2026-09-09T09:10:00.658030+00:00,ok,binance_spot_mirror,999,2026-09-09T04:00:00+00:00,0,0,False,,,,nothing_to_send,ok,mex-fwd-1.1.0,34319941303,d53ed6a1,
2026-09-09T10:10:20.535020+00:00,ok,binance_spot_mirror,999,2026-09-09T04:00:00+00:00,0,0,False,,,,nothing_to_send,ok,mex-fwd-1.1.0,34319941303,d53ed6a1,
2026-09-09T11:10:39.830069+00:00,ok,binance_spot_mirror,999,2026-09-09T04:00:00+00:00,0,0,False,,,,nothing_to_send,ok,mex-fwd-1.1.0,34319941303,d53ed6a1,
2026-09-09T12:00:57.007447+00:00,ok,binance_spot_mirror,999,2026-09-09T08:00:00+00:00,1,0,False,,,,nothing_to_send,ok,mex-fwd-1.1.0,34319941303,d53ed6a1,
2026-09-09T13:01:42.586278+00:00,ok,binance_spot_mirror,999,2026-09-09T08:00:00+00:00,0,0,False,,,,nothing_to_send,ok,mex-fwd-1.1.0,34350207870,d8c8d37a,
2026-09-09T14:02:02.835798+00:00,ok,binance_spot_mirror,999,2026-09-09T08:00:00+00:00,0,0,False,,,,nothing_to_send,ok,mex-fwd-1.1.0,34350207870,d8c8d37a,
2026-09-09T15:02:23.437390+00:00,ok,binance_spot_mirror,999,2026-09-09T08:00:00+00:00,0,0,False,,,,nothing_to_send,ok,mex-fwd-1.1.0,34350207870,d8c8d37a,
2026-09-09T16:02:44.335153+00:00,ok,binance_spot_mirror,999,2026-09-09T12:00:00+00:00,1,0,False,,,,nothing_to_send,ok,mex-fwd-1.1.0,34350207870,d8c8d37a,
2026-09-09T17:03:04.269335+00:00,ok,binance_spot_mirror,999,2026-09-09T12:00:00+00:00,0,0,False,,,,nothing_to_send,ok,mex-fwd-1.1.0,34350207870,d8c8d37a,
2026-09-09T18:03:24.860287+00:00,ok,binance_spot_mirror,999,2026-09-09T12:00:00+00:00,0,0,False,,,,nothing_to_send,ok,mex-fwd-1.1.0,34350207870,d8c8d37a,
2026-09-09T19:04:10.399033+00:00,ok,binance_spot_mirror,999,2026-09-09T12:00:00+00:00,0,0,False,,,,nothing_to_send,ok,mex-fwd-1.1.0,34379401262,93917403,
2026-09-09T20:04:33.026520+00:00,ok,binance_spot_mirror,999,2026-09-09T16:00:00+00:00,1,0,False,,,,nothing_to_send,ok,mex-fwd-1.1.0,34379401262,93917403,
2026-09-09T21:04:53.646018+00:00,ok,binance_spot_mirror,999,2026-09-09T16:00:00+00:00,0,0,False,,,,nothing_to_send,ok,mex-fwd-1.1.0,34379401262,93917403,
2026-09-09T22:05:14.320847+00:00,ok,binance_spot_mirror,999,2026-09-09T16:00:00+00:00,0,0,False,,,,nothing_to_send,ok,mex-fwd-1.1.0,34379401262,93917403,
2026-09-09T23:05:34.844513+00:00,ok,binance_spot_mirror,999,2026-09-09T16:00:00+00:00,0,0,False,,,,nothing_to_send,ok,mex-fwd-1.1.0,34379401262,93917403,
2026-09-10T00:06:17.510491+00:00,ok,binance_spot_mirror,999,2026-09-09T20:00:00+00:00,1,0,False,,,,nothing_to_send,ok,mex-fwd-1.1.0,34412436158,22c93f9a,
2026-09-10T00:06:20.976894+00:00,heartbeat,binance_spot_mirror,,2026-09-09T20:00:00+00:00,,,False,,,,True,ok,mex-fwd-1.1.0,34412436158,22c93f9a,
2026-09-10T01:06:39.453247+00:00,ok,binance_spot_mirror,999,2026-09-09T20:00:00+00:00,0,0,False,,,,nothing_to_send,ok,mex-fwd-1.1.0,34412436158,22c93f9a,
2026-09-10T02:06:59.583694+00:00,ok,binance_spot_mirror,999,2026-09-09T20:00:00+00:00,0,0,False,,,,nothing_to_send,ok,mex-fwd-1.1.0,34412436158,22c93f9a,
2026-09-10T03:07:20.183234+00:00,ok,binance_spot_mirror,999,2026-09-09T20:00:00+00:00,0,0,False,,,,nothing_to_send,ok,mex-fwd-1.1.0,34412436158,22c93f9a,
2026-09-10T04:07:39.853777+00:00,ok,binance_spot_mirror,999,2026-09-10T00:00:00+00:00,1,0,False,,,,nothing_to_send,ok,mex-fwd-1.1.0,34412436158,22c93f9a,
2026-09-10T05:08:22.827433+00:00,ok,binance_spot_mirror,999,2026-09-10T00:00:00+00:00,0,0,False,,,,nothing_to_send,ok,mex-fwd-1.1.0,34421742500,6cd8ee6c,
2026-09-10T06:08:43.446539+00:00,ok,binance_spot_mirror,999,2026-09-10T00:00:00+00:00,0,0,False,,,,nothing_to_send,ok,mex-fwd-1.1.0,34421742500,6cd8ee6c,
2026-09-10T07:09:02.632945+00:00,ok,binance_spot_mirror,999,2026-09-10T00:00:00+00:00,0,0,False,,,,nothing_to_send,ok,mex-fwd-1.1.0,34421742500,6cd8ee6c,
2026-09-10T08:09:42.966171+00:00,ok,binance_spot_mirror,999,2026-09-10T04:00:00+00:00,1,0,False,,,,nothing_to_send,ok,mex-fwd-1.1.0,34421742500,6cd8ee6c,
2026-09-10T09:10:02.891392+00:00,ok,binance_spot_mirror,999,2026-09-10T04:00:00+00:00,0,0,False,,,,nothing_to_send,ok,mex-fwd-1.1.0,34421742500,6cd8ee6c,
2026-09-10T10:10:32.219850+00:00,ok,binance_spot_mirror,999,2026-09-10T04:00:00+00:00,0,0,False,,,,nothing_to_send,ok,mex-fwd-1.1.0,34421742500,6cd8ee6c,
2026-09-10T11:11:18.059797+00:00,ok,binance_spot_mirror,999,2026-09-10T04:00:00+00:00,0,0,False,,,,nothing_to_send,ok,mex-fwd-1.1.0,34463757286,7911baa4,
2026-09-10T12:01:35.741188+00:00,ok,binance_spot_mirror,999,2026-09-10T08:00:00+00:00,1,0,False,,,,nothing_to_send,ok,mex-fwd-1.1.0,34463757286,7911baa4,
2026-09-10T13:01:56.864793+00:00,ok,binance_spot_mirror,999,2026-09-10T08:00:00+00:00,0,0,False,,,,nothing_to_send,ok,mex-fwd-1.1.0,34463757286,7911baa4,
2026-09-10T14:02:19.354108+00:00,ok,binance_spot_mirror,999,2026-09-10T08:00:00+00:00,0,0,False,,,,nothing_to_send,ok,mex-fwd-1.1.0,34463757286,7911baa4,
2026-09-10T15:02:41.476095+00:00,ok,binance_spot_mirror,999,2026-09-10T08:00:00+00:00,0,0,False,,,,nothing_to_send,ok,mex-fwd-1.1.0,34463757286,7911baa4,
2026-09-10T16:03:31.459813+00:00,ok,binance_spot_mirror,999,2026-09-10T12:00:00+00:00,1,0,False,,,,nothing_to_send,ok,mex-fwd-1.1.0,34488460987,f5038889,
2026-09-10T17:03:53.027002+00:00,ok,binance_spot_mirror,999,2026-09-10T12:00:00+00:00,0,0,False,,,,nothing_to_send,ok,mex-fwd-1.1.0,34488460987,f5038889,
2026-09-10T18:04:16.095672+00:00,ok,binance_spot_mirror,999,2026-09-10T12:00:00+00:00,0,0,False,,,,nothing_to_send,ok,mex-fwd-1.1.0,34488460987,f5038889,
2026-09-10T19:04:38.544427+00:00,ok,binance_spot_mirror,999,2026-09-10T12:00:00+00:00,0,0,False,,,,nothing_to_send,ok,mex-fwd-1.1.0,34488460987,f5038889,
2026-09-10T20:05:00.425730+00:00,ok,binance_spot_mirror,999,2026-09-10T16:00:00+00:00,1,0,False,,,,nothing_to_send,ok,mex-fwd-1.1.0,34488460987,f5038889,
2026-09-10T21:05:22.504933+00:00,ok,binance_spot_mirror,999,2026-09-10T16:00:00+00:00,0,0,False,,,,nothing_to_send,ok,mex-fwd-1.1.0,34488460987,f5038889,
2026-09-10T22:06:01.026129+00:00,ok,binance_spot_mirror,999,2026-09-10T16:00:00+00:00,0,0,False,,,,nothing_to_send,ok,mex-fwd-1.1.0,34528477715,3fdc1a8c,
2026-09-10T23:06:24.032986+00:00,ok,binance_spot_mirror,999,2026-09-10T16:00:00+00:00,0,0,False,,,,nothing_to_send,ok,mex-fwd-1.1.0,34528477715,3fdc1a8c,
2026-09-11T00:06:43.203378+00:00,ok,binance_spot_mirror,999,2026-09-10T20:00:00+00:00,1,0,False,,,,nothing_to_send,ok,mex-fwd-1.1.0,34528477715,3fdc1a8c,
2026-09-11T00:06:46.780722+00:00,heartbeat,binance_spot_mirror,,2026-09-10T20:00:00+00:00,,,False,,,,True,ok,mex-fwd-1.1.0,34528477715,3fdc1a8c,
2026-09-11T01:07:05.939654+00:00,ok,binance_spot_mirror,999,2026-09-10T20:00:00+00:00,0,0,False,,,,nothing_to_send,ok,mex-fwd-1.1.0,34528477715,3fdc1a8c,
2026-09-11T02:07:25.468088+00:00,ok,binance_spot_mirror,999,2026-09-10T20:00:00+00:00,0,0,False,,,,nothing_to_send,ok,mex-fwd-1.1.0,34528477715,3fdc1a8c,
2026-09-11T03:08:11.660621+00:00,ok,binance_spot_mirror,999,2026-09-10T20:00:00+00:00,0,0,False,,,,nothing_to_send,ok,mex-fwd-1.1.0,34549009813,ef584b0a,
2026-09-11T04:08:33.444445+00:00,ok,binance_spot_mirror,999,2026-09-11T00:00:00+00:00,1,0,False,,,,nothing_to_send,ok,mex-fwd-1.1.0,34549009813,ef584b0a,
2026-09-11T05:08:55.989154+00:00,ok,binance_spot_mirror,999,2026-09-11T00:00:00+00:00,0,0,False,,,,nothing_to_send,ok,mex-fwd-1.1.0,34549009813,ef584b0a,
2026-09-11T06:09:17.690424+00:00,ok,binance_spot_mirror,999,2026-09-11T00:00:00+00:00,0,0,False,,,,nothing_to_send,ok,mex-fwd-1.1.0,34549009813,ef584b0a,
2026-09-11T07:09:39.466290+00:00,ok,binance_spot_mirror,999,2026-09-11T00:00:00+00:00,0,0,False,,,,nothing_to_send,ok,mex-fwd-1.1.0,34549009813,ef584b0a,
2026-09-11T08:00:21.600546+00:00,ok,binance_spot_mirror,999,2026-09-11T04:00:00+00:00,1,0,False,,,,nothing_to_send,ok,mex-fwd-1.1.0,34567668051,2e69d552,
2026-09-11T09:00:42.449568+00:00,ok,binance_spot_mirror,999,2026-09-11T04:00:00+00:00,0,0,False,,,,nothing_to_send,ok,mex-fwd-1.1.0,34567668051,2e69d552,
2026-09-11T10:01:03.439746+00:00,ok,binance_spot_mirror,999,2026-09-11T04:00:00+00:00,0,0,False,,,,nothing_to_send,ok,mex-fwd-1.1.0,34567668051,2e69d552,
2026-09-11T11:01:24.689531+00:00,ok,binance_spot_mirror,999,2026-09-11T04:00:00+00:00,0,0,False,,,,nothing_to_send,ok,mex-fwd-1.1.0,34567668051,2e69d552,
2026-09-11T12:01:45.315224+00:00,ok,binance_spot_mirror,999,2026-09-11T08:00:00+00:00,1,0,False,,,,nothing_to_send,ok,mex-fwd-1.1.0,34567668051,2e69d552,
2026-09-11T13:02:06.688196+00:00,ok,binance_spot_mirror,999,2026-09-11T08:00:00+00:00,0,0,False,,,,nothing_to_send,ok,mex-fwd-1.1.0,34567668051,2e69d552,
2026-09-11T14:02:50.308984+00:00,ok,binance_spot_mirror,999,2026-09-11T08:00:00+00:00,0,0,False,,,,nothing_to_send,ok,mex-fwd-1.1.0,34592777433,5fb9fb38,
2026-09-11T15:03:11.648356+00:00,ok,binance_spot_mirror,999,2026-09-11T08:00:00+00:00,0,0,False,,,,nothing_to_send,ok,mex-fwd-1.1.0,34592777433,5fb9fb38,
2026-09-11T16:03:43.946107+00:00,ok,binance_spot_mirror,999,2026-09-11T12:00:00+00:00,1,1,False,,,,sent,ok,mex-fwd-1.1.0,34592777433,5fb9fb38,
2026-09-11T17:04:07.730230+00:00,ok,binance_spot_mirror,999,2026-09-11T12:00:00+00:00,0,0,False,,,,nothing_to_send,ok,mex-fwd-1.1.0,34592777433,5fb9fb38,
2026-09-11T18:04:29.552982+00:00,ok,binance_spot_mirror,999,2026-09-11T12:00:00+00:00,0,0,False,,,,nothing_to_send,ok,mex-fwd-1.1.0,34592777433,5fb9fb38,
2026-09-11T19:05:19.189897+00:00,ok,binance_spot_mirror,999,2026-09-11T12:00:00+00:00,0,0,False,,,,nothing_to_send,ok,mex-fwd-1.1.0,34614522201,f21b0532,
2026-09-11T20:05:37.885379+00:00,ok,binance_spot_mirror,999,2026-09-11T16:00:00+00:00,1,1,True,long,20260911T1200-L,-0.284,sent,ok,mex-fwd-1.1.0,34614522201,f21b0532,
2026-09-11T21:05:59.147859+00:00,ok,binance_spot_mirror,999,2026-09-11T16:00:00+00:00,0,0,True,long,20260911T1200-L,-0.284,nothing_to_send,ok,mex-fwd-1.1.0,34614522201,f21b0532,
2026-09-11T22:06:21.605472+00:00,ok,binance_spot_mirror,999,2026-09-11T16:00:00+00:00,0,0,True,long,20260911T1200-L,-0.284,nothing_to_send,ok,mex-fwd-1.1.0,34614522201,f21b0532,
2026-09-11T23:06:41.552985+00:00,ok,binance_spot_mirror,999,2026-09-11T16:00:00+00:00,0,0,True,long,20260911T1200-L,-0.284,nothing_to_send,ok,mex-fwd-1.1.0,34614522201,f21b0532,
2026-09-12T00:07:23.214326+00:00,ok,binance_spot_mirror,999,2026-09-11T20:00:00+00:00,1,1,False,,,,sent,ok,mex-fwd-1.1.0,34650531054,bdc1a6a8,
2026-09-12T00:07:29.293463+00:00,heartbeat,binance_spot_mirror,,2026-09-11T20:00:00+00:00,,,False,,,,True,ok,mex-fwd-1.1.0,34650531054,bdc1a6a8,
2026-09-12T01:07:47.682240+00:00,ok,binance_spot_mirror,999,2026-09-11T20:00:00+00:00,0,0,False,,,,nothing_to_send,ok,mex-fwd-1.1.0,34650531054,bdc1a6a8,
2026-09-12T02:08:07.525288+00:00,ok,binance_spot_mirror,999,2026-09-11T20:00:00+00:00,0,0,False,,,,nothing_to_send,ok,mex-fwd-1.1.0,34650531054,bdc1a6a8,
2026-09-12T03:08:28.496983+00:00,ok,binance_spot_mirror,999,2026-09-11T20:00:00+00:00,0,0,False,,,,nothing_to_send,ok,mex-fwd-1.1.0,34650531054,bdc1a6a8,
2026-09-12T04:08:48.860533+00:00,ok,binance_spot_mirror,999,2026-09-12T00:00:00+00:00,1,0,False,,,,nothing_to_send,ok,mex-fwd-1.1.0,34650531054,bdc1a6a8,
2026-09-12T05:09:08.588823+00:00,ok,binance_spot_mirror,999,2026-09-12T00:00:00+00:00,0,0,False,,,,nothing_to_send,ok,mex-fwd-1.1.0,34650531054,bdc1a6a8,
2026-09-12T06:09:48.243621+00:00,ok,binance_spot_mirror,999,2026-09-12T00:00:00+00:00,0,0,False,,,,nothing_to_send,ok,mex-fwd-1.1.0,34674349775,4db1ea45,
2026-09-12T07:10:08.795163+00:00,ok,binance_spot_mirror,999,2026-09-12T00:00:00+00:00,0,0,False,,,,nothing_to_send,ok,mex-fwd-1.1.0,34674349775,4db1ea45,
2026-09-12T08:00:25.912252+00:00,ok,binance_spot_mirror,999,2026-09-12T04:00:00+00:00,1,0,False,,,,nothing_to_send,ok,mex-fwd-1.1.0,34674349775,4db1ea45,
2026-09-12T09:00:45.953395+00:00,ok,binance_spot_mirror,999,2026-09-12T04:00:00+00:00,0,0,False,,,,nothing_to_send,ok,mex-fwd-1.1.0,34674349775,4db1ea45,
2026-09-12T10:05:35.119906+00:00,ok,binance_spot_mirror,999,2026-09-12T04:00:00+00:00,0,0,False,,,,nothing_to_send,ok,mex-fwd-1.1.0,34674349775,4db1ea45,
2026-09-12T11:06:22.624050+00:00,ok,binance_spot_mirror,999,2026-09-12T04:00:00+00:00,0,0,False,,,,nothing_to_send,ok,mex-fwd-1.1.0,34685290456,b0277f0d,
2026-09-12T12:06:41.333187+00:00,ok,binance_spot_mirror,999,2026-09-12T08:00:00+00:00,1,0,False,,,,nothing_to_send,ok,mex-fwd-1.1.0,34685290456,b0277f0d,
2026-09-12T13:07:00.054942+00:00,ok,binance_spot_mirror,999,2026-09-12T08:00:00+00:00,0,0,False,,,,nothing_to_send,ok,mex-fwd-1.1.0,34685290456,b0277f0d,
2026-09-12T14:07:20.132815+00:00,ok,binance_spot_mirror,999,2026-09-12T08:00:00+00:00,0,0,False,,,,nothing_to_send,ok,mex-fwd-1.1.0,34685290456,b0277f0d,
2026-09-12T15:07:38.789558+00:00,ok,binance_spot_mirror,999,2026-09-12T08:00:00+00:00,0,0,False,,,,nothing_to_send,ok,mex-fwd-1.1.0,34685290456,b0277f0d,
2026-09-12T16:07:57.451635+00:00,ok,binance_spot_mirror,999,2026-09-12T12:00:00+00:00,1,0,False,,,,nothing_to_send,ok,mex-fwd-1.1.0,34685290456,b0277f0d,
2026-09-12T17:08:42.521012+00:00,ok,binance_spot_mirror,999,2026-09-12T12:00:00+00:00,0,0,False,,,,nothing_to_send,ok,mex-fwd-1.1.0,34695459348,49e69370,
2026-09-12T18:09:03.032860+00:00,ok,binance_spot_mirror,999,2026-09-12T12:00:00+00:00,0,0,False,,,,nothing_to_send,ok,mex-fwd-1.1.0,34695459348,49e69370,
2026-09-12T19:09:23.530981+00:00,ok,binance_spot_mirror,999,2026-09-12T12:00:00+00:00,0,0,False,,,,nothing_to_send,ok,mex-fwd-1.1.0,34695459348,49e69370,
2026-09-12T20:09:44.500410+00:00,ok,binance_spot_mirror,999,2026-09-12T16:00:00+00:00,1,0,False,,,,nothing_to_send,ok,mex-fwd-1.1.0,34695459348,49e69370,
2026-09-12T21:10:06.975467+00:00,ok,binance_spot_mirror,999,2026-09-12T16:00:00+00:00,0,0,False,,,,nothing_to_send,ok,mex-fwd-1.1.0,34695459348,49e69370,
2026-09-12T22:11:34.192294+00:00,ok,binance_spot_mirror,999,2026-09-12T16:00:00+00:00,0,0,False,,,,nothing_to_send,ok,mex-fwd-1.1.0,34719856670,976941d0,
2026-09-12T23:11:55.171536+00:00,ok,binance_spot_mirror,999,2026-09-12T16:00:00+00:00,0,0,False,,,,nothing_to_send,ok,mex-fwd-1.1.0,34719856670,976941d0,
2026-09-13T00:02:12.267902+00:00,ok,binance_spot_mirror,999,2026-09-12T20:00:00+00:00,1,0,False,,,,nothing_to_send,ok,mex-fwd-1.1.0,34719856670,976941d0,
2026-09-13T00:02:15.915365+00:00,heartbeat,binance_spot_mirror,,2026-09-12T20:00:00+00:00,,,False,,,,True,ok,mex-fwd-1.1.0,34719856670,976941d0,
2026-09-13T01:02:37.050265+00:00,ok,binance_spot_mirror,999,2026-09-12T20:00:00+00:00,0,0,False,,,,nothing_to_send,ok,mex-fwd-1.1.0,34719856670,976941d0,
2026-09-13T02:02:57.605174+00:00,ok,binance_spot_mirror,999,2026-09-12T20:00:00+00:00,0,0,False,,,,nothing_to_send,ok,mex-fwd-1.1.0,34719856670,976941d0,
2026-09-13T03:03:50.247953+00:00,ok,binance_spot_mirror,999,2026-09-12T20:00:00+00:00,0,0,False,,,,nothing_to_send,ok,mex-fwd-1.1.0,34730379617,c84b5a04,
2026-09-13T04:04:10.072084+00:00,ok,binance_spot_mirror,999,2026-09-13T00:00:00+00:00,1,0,False,,,,nothing_to_send,ok,mex-fwd-1.1.0,34730379617,c84b5a04,
2026-09-13T05:04:29.832405+00:00,ok,binance_spot_mirror,999,2026-09-13T00:00:00+00:00,0,0,False,,,,nothing_to_send,ok,mex-fwd-1.1.0,34730379617,c84b5a04,
2026-09-13T06:04:49.651383+00:00,ok,binance_spot_mirror,999,2026-09-13T00:00:00+00:00,0,0,False,,,,nothing_to_send,ok,mex-fwd-1.1.0,34730379617,c84b5a04,
2026-09-13T07:05:10.811304+00:00,ok,binance_spot_mirror,999,2026-09-13T00:00:00+00:00,0,0,False,,,,nothing_to_send,ok,mex-fwd-1.1.0,34730379617,c84b5a04,
2026-09-13T08:05:30.744139+00:00,ok,binance_spot_mirror,999,2026-09-13T04:00:00+00:00,1,0,False,,,,nothing_to_send,ok,mex-fwd-1.1.0,34730379617,c84b5a04,
2026-09-13T09:06:14.332880+00:00,ok,binance_spot_mirror,999,2026-09-13T04:00:00+00:00,0,0,False,,,,nothing_to_send,ok,mex-fwd-1.1.0,34743473064,403c1895,
2026-09-13T10:06:42.135311+00:00,ok,binance_spot_mirror,999,2026-09-13T04:00:00+00:00,0,0,False,,,,nothing_to_send,ok,mex-fwd-1.1.0,34743473064,403c1895,
2026-09-13T11:07:02.570956+00:00,ok,binance_spot_mirror,999,2026-09-13T04:00:00+00:00,0,0,False,,,,nothing_to_send,ok,mex-fwd-1.1.0,34743473064,403c1895,
2026-09-13T12:07:23.388202+00:00,ok,binance_spot_mirror,999,2026-09-13T08:00:00+00:00,1,0,False,,,,nothing_to_send,ok,mex-fwd-1.1.0,34743473064,403c1895,
2026-09-13T13:07:44.738119+00:00,ok,binance_spot_mirror,999,2026-09-13T08:00:00+00:00,0,0,False,,,,nothing_to_send,ok,mex-fwd-1.1.0,34743473064,403c1895,
2026-09-13T14:08:28.896424+00:00,ok,binance_spot_mirror,999,2026-09-13T08:00:00+00:00,0,0,False,,,,nothing_to_send,ok,mex-fwd-1.1.0,34757779374,f1a783ec,
2026-09-13T15:08:49.638358+00:00,ok,binance_spot_mirror,999,2026-09-13T08:00:00+00:00,0,0,False,,,,nothing_to_send,ok,mex-fwd-1.1.0,34757779374,f1a783ec,
2026-09-13T16:09:10.089742+00:00,ok,binance_spot_mirror,999,2026-09-13T12:00:00+00:00,1,0,False,,,,nothing_to_send,ok,mex-fwd-1.1.0,34757779374,f1a783ec,
2026-09-13T17:09:30.987732+00:00,ok,binance_spot_mirror,999,2026-09-13T12:00:00+00:00,0,0,False,,,,nothing_to_send,ok,mex-fwd-1.1.0,34757779374,f1a783ec,
2026-09-13T18:09:51.155379+00:00,ok,binance_spot_mirror,999,2026-09-13T12:00:00+00:00,0,0,False,,,,nothing_to_send,ok,mex-fwd-1.1.0,34757779374,f1a783ec,
2026-09-13T19:10:31.956461+00:00,ok,binance_spot_mirror,999,2026-09-13T12:00:00+00:00,0,0,False,,,,nothing_to_send,ok,mex-fwd-1.1.0,34770075784,8ce1d88a,
2026-09-13T20:00:49.389325+00:00,ok,binance_spot_mirror,999,2026-09-13T16:00:00+00:00,1,0,False,,,,nothing_to_send,ok,mex-fwd-1.1.0,34770075784,8ce1d88a,
2026-09-13T21:01:10.946939+00:00,ok,binance_spot_mirror,999,2026-09-13T16:00:00+00:00,0,0,False,,,,nothing_to_send,ok,mex-fwd-1.1.0,34770075784,8ce1d88a,
2026-09-13T22:01:32.060071+00:00,ok,binance_spot_mirror,999,2026-09-13T16:00:00+00:00,0,0,False,,,,nothing_to_send,ok,mex-fwd-1.1.0,34770075784,8ce1d88a,
2026-09-13T23:01:52.452682+00:00,ok,binance_spot_mirror,999,2026-09-13T16:00:00+00:00,0,0,False,,,,nothing_to_send,ok,mex-fwd-1.1.0,34770075784,8ce1d88a,
2026-09-14T00:02:42.460258+00:00,ok,binance_spot_mirror,999,2026-09-13T20:00:00+00:00,1,0,False,,,,nothing_to_send,ok,mex-fwd-1.1.0,34770075784,8ce1d88a,
2026-09-14T00:02:46.344751+00:00,heartbeat,binance_spot_mirror,,2026-09-13T20:00:00+00:00,,,False,,,,True,ok,mex-fwd-1.1.0,34770075784,8ce1d88a,
2026-09-14T01:03:28.473723+00:00,ok,binance_spot_mirror,999,2026-09-13T20:00:00+00:00,0,0,False,,,,nothing_to_send,ok,mex-fwd-1.1.0,34791607115,e9c30518,
2026-09-14T02:03:48.525548+00:00,ok,binance_spot_mirror,999,2026-09-13T20:00:00+00:00,0,0,False,,,,nothing_to_send,ok,mex-fwd-1.1.0,34791607115,e9c30518,
2026-09-14T03:04:08.914290+00:00,ok,binance_spot_mirror,999,2026-09-13T20:00:00+00:00,0,0,False,,,,nothing_to_send,ok,mex-fwd-1.1.0,34791607115,e9c30518,
2026-09-14T04:04:28.469230+00:00,ok,binance_spot_mirror,999,2026-09-14T00:00:00+00:00,1,0,False,,,,nothing_to_send,ok,mex-fwd-1.1.0,34791607115,e9c30518,
2026-09-14T05:04:48.090011+00:00,ok,binance_spot_mirror,999,2026-09-14T00:00:00+00:00,0,0,False,,,,nothing_to_send,ok,mex-fwd-1.1.0,34791607115,e9c30518,
2026-09-14T06:05:30.546273+00:00,ok,binance_spot_mirror,999,2026-09-14T00:00:00+00:00,0,0,False,,,,nothing_to_send,ok,mex-fwd-1.1.0,34807497443,aaaff630,
2026-09-14T07:05:50.013670+00:00,ok,binance_spot_mirror,999,2026-09-14T00:00:00+00:00,0,0,False,,,,nothing_to_send,ok,mex-fwd-1.1.0,34807497443,aaaff630,
2026-09-14T08:06:09.764958+00:00,ok,binance_spot_mirror,999,2026-09-14T04:00:00+00:00,1,0,False,,,,nothing_to_send,ok,mex-fwd-1.1.0,34807497443,aaaff630,
2026-09-14T09:06:29.592441+00:00,ok,binance_spot_mirror,999,2026-09-14T04:00:00+00:00,0,0,False,,,,nothing_to_send,ok,mex-fwd-1.1.0,34807497443,aaaff630,
2026-09-14T10:06:49.368107+00:00,ok,binance_spot_mirror,999,2026-09-14T04:00:00+00:00,0,0,False,,,,nothing_to_send,ok,mex-fwd-1.1.0,34807497443,aaaff630,
2026-09-14T11:07:08.761782+00:00,ok,binance_spot_mirror,999,2026-09-14T04:00:00+00:00,0,0,False,,,,nothing_to_send,ok,mex-fwd-1.1.0,34807497443,aaaff630,
2026-09-14T12:07:53.249520+00:00,ok,binance_spot_mirror,999,2026-09-14T08:00:00+00:00,1,0,False,,,,nothing_to_send,ok,mex-fwd-1.1.0,34833706983,ca34df19,
2026-09-14T13:08:13.708904+00:00,ok,binance_spot_mirror,999,2026-09-14T08:00:00+00:00,0,0,False,,,,nothing_to_send,ok,mex-fwd-1.1.0,34833706983,ca34df19,
2026-09-14T14:08:35.745077+00:00,ok,binance_spot_mirror,999,2026-09-14T08:00:00+00:00,0,0,False,,,,nothing_to_send,ok,mex-fwd-1.1.0,34833706983,ca34df19,
2026-09-14T15:08:57.140551+00:00,ok,binance_spot_mirror,999,2026-09-14T08:00:00+00:00,0,0,False,,,,nothing_to_send,ok,mex-fwd-1.1.0,34833706983,ca34df19,
2026-09-14T16:09:19.244525+00:00,ok,binance_spot_mirror,999,2026-09-14T12:00:00+00:00,1,0,False,,,,nothing_to_send,ok,mex-fwd-1.1.0,34833706983,ca34df19,
2026-09-14T17:11:35.221015+00:00,ok,binance_spot_mirror,999,2026-09-14T12:00:00+00:00,0,0,False,,,,nothing_to_send,ok,mex-fwd-1.1.0,34869102503,ecfd89fa,
2026-09-14T18:11:55.945088+00:00,ok,binance_spot_mirror,999,2026-09-14T12:00:00+00:00,0,0,False,,,,nothing_to_send,ok,mex-fwd-1.1.0,34869102503,ecfd89fa,
2026-09-14T19:12:18.053181+00:00,ok,binance_spot_mirror,999,2026-09-14T12:00:00+00:00,0,0,False,,,,nothing_to_send,ok,mex-fwd-1.1.0,34869102503,ecfd89fa,
2026-09-14T20:02:36.286653+00:00,ok,binance_spot_mirror,999,2026-09-14T16:00:00+00:00,1,0,False,,,,nothing_to_send,ok,mex-fwd-1.1.0,34869102503,ecfd89fa,
2026-09-14T21:03:02.094495+00:00,ok,binance_spot_mirror,999,2026-09-14T16:00:00+00:00,0,0,False,,,,nothing_to_send,ok,mex-fwd-1.1.0,34869102503,ecfd89fa,
2026-09-14T22:03:45.544218+00:00,ok,binance_spot_mirror,999,2026-09-14T16:00:00+00:00,0,0,False,,,,nothing_to_send,ok,mex-fwd-1.1.0,34893244953,f6b17d0c,
2026-09-14T23:04:05.098185+00:00,ok,binance_spot_mirror,999,2026-09-14T16:00:00+00:00,0,0,False,,,,nothing_to_send,ok,mex-fwd-1.1.0,34893244953,f6b17d0c,
2026-09-15T00:04:23.592047+00:00,ok,binance_spot_mirror,999,2026-09-14T20:00:00+00:00,1,0,False,,,,nothing_to_send,ok,mex-fwd-1.1.0,34893244953,f6b17d0c,
2026-09-15T00:04:27.016451+00:00,heartbeat,binance_spot_mirror,,2026-09-14T20:00:00+00:00,,,False,,,,True,ok,mex-fwd-1.1.0,34893244953,f6b17d0c,
2026-09-15T01:04:45.483619+00:00,ok,binance_spot_mirror,999,2026-09-14T20:00:00+00:00,0,0,False,,,,nothing_to_send,ok,mex-fwd-1.1.0,34893244953,f6b17d0c,
2026-09-15T02:05:04.669977+00:00,ok,binance_spot_mirror,999,2026-09-14T20:00:00+00:00,0,0,False,,,,nothing_to_send,ok,mex-fwd-1.1.0,34893244953,f6b17d0c,
2026-09-15T03:05:23.209601+00:00,ok,binance_spot_mirror,999,2026-09-14T20:00:00+00:00,0,0,False,,,,nothing_to_send,ok,mex-fwd-1.1.0,34893244953,f6b17d0c,
2026-09-15T04:06:10.381788+00:00,ok,binance_spot_mirror,999,2026-09-15T00:00:00+00:00,1,0,False,,,,nothing_to_send,ok,mex-fwd-1.1.0,34918974643,8bead6c1,
2026-09-15T05:06:30.805863+00:00,ok,binance_spot_mirror,999,2026-09-15T00:00:00+00:00,0,0,False,,,,nothing_to_send,ok,mex-fwd-1.1.0,34918974643,8bead6c1,
2026-09-15T06:06:53.228341+00:00,ok,binance_spot_mirror,999,2026-09-15T00:00:00+00:00,0,0,False,,,,nothing_to_send,ok,mex-fwd-1.1.0,34918974643,8bead6c1,
2026-09-15T07:07:15.576875+00:00,ok,binance_spot_mirror,999,2026-09-15T00:00:00+00:00,0,0,False,,,,nothing_to_send,ok,mex-fwd-1.1.0,34918974643,8bead6c1,
2026-09-15T08:07:36.384626+00:00,ok,binance_spot_mirror,999,2026-09-15T04:00:00+00:00,1,0,False,,,,nothing_to_send,ok,mex-fwd-1.1.0,34918974643,8bead6c1,
2026-09-15T09:08:19.274324+00:00,ok,binance_spot_mirror,999,2026-09-15T04:00:00+00:00,0,0,False,,,,nothing_to_send,ok,mex-fwd-1.1.0,34942754727,bde4b53c,
2026-09-15T10:08:39.825179+00:00,ok,binance_spot_mirror,999,2026-09-15T04:00:00+00:00,0,0,False,,,,nothing_to_send,ok,mex-fwd-1.1.0,34942754727,bde4b53c,
2026-09-15T11:08:59.351285+00:00,ok,binance_spot_mirror,999,2026-09-15T04:00:00+00:00,0,0,False,,,,nothing_to_send,ok,mex-fwd-1.1.0,34942754727,bde4b53c,
2026-09-15T12:09:18.968784+00:00,ok,binance_spot_mirror,999,2026-09-15T08:00:00+00:00,1,0,False,,,,nothing_to_send,ok,mex-fwd-1.1.0,34942754727,bde4b53c,
2026-09-15T13:09:38.429640+00:00,ok,binance_spot_mirror,999,2026-09-15T08:00:00+00:00,0,0,False,,,,nothing_to_send,ok,mex-fwd-1.1.0,34942754727,bde4b53c,
2026-09-15T14:10:22.955080+00:00,ok,binance_spot_mirror,999,2026-09-15T08:00:00+00:00,0,0,False,,,,nothing_to_send,ok,mex-fwd-1.1.0,34975180468,07d59b41,
2026-09-15T15:10:43.290499+00:00,ok,binance_spot_mirror,999,2026-09-15T08:00:00+00:00,0,0,False,,,,nothing_to_send,ok,mex-fwd-1.1.0,34975180468,07d59b41,
2026-09-15T16:00:59.900058+00:00,ok,binance_spot_mirror,999,2026-09-15T12:00:00+00:00,1,0,False,,,,nothing_to_send,ok,mex-fwd-1.1.0,34975180468,07d59b41,
2026-09-15T17:01:19.964098+00:00,ok,binance_spot_mirror,999,2026-09-15T12:00:00+00:00,0,0,False,,,,nothing_to_send,ok,mex-fwd-1.1.0,34975180468,07d59b41,
2026-09-15T18:01:40.852654+00:00,ok,binance_spot_mirror,999,2026-09-15T12:00:00+00:00,0,0,False,,,,nothing_to_send,ok,mex-fwd-1.1.0,34975180468,07d59b41,
2026-09-15T19:02:00.591409+00:00,ok,binance_spot_mirror,999,2026-09-15T12:00:00+00:00,0,0,False,,,,nothing_to_send,ok,mex-fwd-1.1.0,34975180468,07d59b41,
2026-09-15T20:02:53.085406+00:00,ok,binance_spot_mirror,999,2026-09-15T16:00:00+00:00,1,0,False,,,,nothing_to_send,ok,mex-fwd-1.1.0,35003208688,b7f600b8,
2026-09-15T21:03:13.223943+00:00,ok,binance_spot_mirror,999,2026-09-15T16:00:00+00:00,0,0,False,,,,nothing_to_send,ok,mex-fwd-1.1.0,35003208688,b7f600b8,
2026-09-15T22:03:31.986751+00:00,ok,binance_spot_mirror,999,2026-09-15T16:00:00+00:00,0,0,False,,,,nothing_to_send,ok,mex-fwd-1.1.0,35003208688,b7f600b8,
2026-09-15T23:03:51.464483+00:00,ok,binance_spot_mirror,999,2026-09-15T16:00:00+00:00,0,0,False,,,,nothing_to_send,ok,mex-fwd-1.1.0,35003208688,b7f600b8,
2026-09-16T00:04:09.626704+00:00,ok,binance_spot_mirror,999,2026-09-15T20:00:00+00:00,1,0,False,,,,nothing_to_send,ok,mex-fwd-1.1.0,35003208688,b7f600b8,
2026-09-16T00:04:12.832929+00:00,heartbeat,binance_spot_mirror,,2026-09-15T20:00:00+00:00,,,False,,,,True,ok,mex-fwd-1.1.0,35003208688,b7f600b8,
2026-09-16T01:04:51.821067+00:00,ok,binance_spot_mirror,999,2026-09-15T20:00:00+00:00,0,0,False,,,,nothing_to_send,ok,mex-fwd-1.1.0,35036671547,47893f64,
2026-09-16T02:05:11.527904+00:00,ok,binance_spot_mirror,999,2026-09-15T20:00:00+00:00,0,0,False,,,,nothing_to_send,ok,mex-fwd-1.1.0,35036671547,47893f64,
2026-09-16T03:05:31.534805+00:00,ok,binance_spot_mirror,999,2026-09-15T20:00:00+00:00,0,0,False,,,,nothing_to_send,ok,mex-fwd-1.1.0,35036671547,47893f64,
2026-09-16T04:05:50.963751+00:00,ok,binance_spot_mirror,999,2026-09-16T00:00:00+00:00,1,0,False,,,,nothing_to_send,ok,mex-fwd-1.1.0,35036671547,47893f64,
2026-09-16T05:06:10.173375+00:00,ok,binance_spot_mirror,999,2026-09-16T00:00:00+00:00,0,0,False,,,,nothing_to_send,ok,mex-fwd-1.1.0,35036671547,47893f64,
2026-09-16T06:06:29.196872+00:00,ok,binance_spot_mirror,999,2026-09-16T00:00:00+00:00,0,0,False,,,,nothing_to_send,ok,mex-fwd-1.1.0,35036671547,47893f64,
2026-09-16T07:07:13.620578+00:00,ok,binance_spot_mirror,999,2026-09-16T00:00:00+00:00,0,0,False,,,,nothing_to_send,ok,mex-fwd-1.1.0,35056635218,90b87c51,
2026-09-16T08:07:55.934769+00:00,ok,binance_spot_mirror,999,2026-09-16T04:00:00+00:00,1,0,False,,,,nothing_to_send,ok,mex-fwd-1.1.0,35056635218,90b87c51,
2026-09-16T09:08:17.844217+00:00,ok,binance_spot_mirror,999,2026-09-16T04:00:00+00:00,0,0,False,,,,nothing_to_send,ok,mex-fwd-1.1.0,35056635218,90b87c51,
2026-09-16T10:08:41.895492+00:00,ok,binance_spot_mirror,999,2026-09-16T04:00:00+00:00,0,0,False,,,,nothing_to_send,ok,mex-fwd-1.1.0,35056635218,90b87c51,
2026-09-16T11:09:02.619279+00:00,ok,binance_spot_mirror,999,2026-09-16T04:00:00+00:00,0,0,False,,,,nothing_to_send,ok,mex-fwd-1.1.0,35056635218,90b87c51,
2026-09-16T12:09:46.585944+00:00,ok,binance_spot_mirror,999,2026-09-16T08:00:00+00:00,1,0,False,,,,nothing_to_send,ok,mex-fwd-1.1.0,35081795768,ed7f4f00,
2026-09-16T13:10:08.961828+00:00,ok,binance_spot_mirror,999,2026-09-16T08:00:00+00:00,0,0,False,,,,nothing_to_send,ok,mex-fwd-1.1.0,35081795768,ed7f4f00,
2026-09-16T14:10:29.763437+00:00,ok,binance_spot_mirror,999,2026-09-16T08:00:00+00:00,0,0,False,,,,nothing_to_send,ok,mex-fwd-1.1.0,35081795768,ed7f4f00,
2026-09-16T15:10:52.778465+00:00,ok,binance_spot_mirror,999,2026-09-16T08:00:00+00:00,0,0,False,,,,nothing_to_send,ok,mex-fwd-1.1.0,35081795768,ed7f4f00,
2026-09-16T16:01:12.688027+00:00,ok,binance_spot_mirror,999,2026-09-16T12:00:00+00:00,1,0,False,,,,nothing_to_send,ok,mex-fwd-1.1.0,35081795768,ed7f4f00,
2026-09-16T17:02:01.680483+00:00,ok,binance_spot_mirror,999,2026-09-16T12:00:00+00:00,0,0,False,,,,nothing_to_send,ok,mex-fwd-1.1.0,35111551462,9cfded40,
2026-09-16T18:02:23.399393+00:00,ok,binance_spot_mirror,999,2026-09-16T12:00:00+00:00,0,0,False,,,,nothing_to_send,ok,mex-fwd-1.1.0,35111551462,9cfded40,
2026-09-16T19:02:44.774888+00:00,ok,binance_spot_mirror,999,2026-09-16T12:00:00+00:00,0,0,False,,,,nothing_to_send,ok,mex-fwd-1.1.0,35111551462,9cfded40,
2026-09-16T20:03:06.063658+00:00,ok,binance_spot_mirror,999,2026-09-16T16:00:00+00:00,1,0,False,,,,nothing_to_send,ok,mex-fwd-1.1.0,35111551462,9cfded40,
2026-09-16T21:03:29.031321+00:00,ok,binance_spot_mirror,999,2026-09-16T16:00:00+00:00,0,0,False,,,,nothing_to_send,ok,mex-fwd-1.1.0,35111551462,9cfded40,
2026-09-16T22:03:49.532074+00:00,ok,binance_spot_mirror,999,2026-09-16T16:00:00+00:00,0,0,False,,,,nothing_to_send,ok,mex-fwd-1.1.0,35111551462,9cfded40,
2026-09-16T23:04:28.575322+00:00,ok,binance_spot_mirror,999,2026-09-16T16:00:00+00:00,0,0,False,,,,nothing_to_send,ok,mex-fwd-1.1.0,35155828985,50b64170,
2026-09-17T00:04:47.790172+00:00,ok,binance_spot_mirror,999,2026-09-16T20:00:00+00:00,1,0,False,,,,nothing_to_send,ok,mex-fwd-1.1.0,35155828985,50b64170,
2026-09-17T00:04:51.285895+00:00,heartbeat,binance_spot_mirror,,2026-09-16T20:00:00+00:00,,,False,,,,True,ok,mex-fwd-1.1.0,35155828985,50b64170,
2026-09-17T01:05:14.604665+00:00,ok,binance_spot_mirror,999,2026-09-16T20:00:00+00:00,0,0,False,,,,nothing_to_send,ok,mex-fwd-1.1.0,35155828985,50b64170,
2026-09-17T02:05:34.961121+00:00,ok,binance_spot_mirror,999,2026-09-16T20:00:00+00:00,0,0,False,,,,nothing_to_send,ok,mex-fwd-1.1.0,35155828985,50b64170,
2026-09-17T03:05:54.427614+00:00,ok,binance_spot_mirror,999,2026-09-16T20:00:00+00:00,0,0,False,,,,nothing_to_send,ok,mex-fwd-1.1.0,35155828985,50b64170,
2026-09-17T04:06:45.874863+00:00,ok,binance_spot_mirror,999,2026-09-17T00:00:00+00:00,1,0,False,,,,nothing_to_send,ok,mex-fwd-1.1.0,35166553803,6dbc35b7,
2026-09-17T05:07:08.455816+00:00,ok,binance_spot_mirror,999,2026-09-17T00:00:00+00:00,0,0,False,,,,nothing_to_send,ok,mex-fwd-1.1.0,35166553803,6dbc35b7,
2026-09-17T06:07:30.782620+00:00,ok,binance_spot_mirror,999,2026-09-17T00:00:00+00:00,0,0,False,,,,nothing_to_send,ok,mex-fwd-1.1.0,35166553803,6dbc35b7,
2026-09-17T07:07:53.622551+00:00,ok,binance_spot_mirror,999,2026-09-17T00:00:00+00:00,0,0,False,,,,nothing_to_send,ok,mex-fwd-1.1.0,35166553803,6dbc35b7,
2026-09-17T08:08:15.279829+00:00,ok,binance_spot_mirror,999,2026-09-17T04:00:00+00:00,1,0,False,,,,nothing_to_send,ok,mex-fwd-1.1.0,35166553803,6dbc35b7,
2026-09-17T09:09:01.690597+00:00,ok,binance_spot_mirror,999,2026-09-17T04:00:00+00:00,0,0,False,,,,nothing_to_send,ok,mex-fwd-1.1.0,35185154435,d7facbd7,
2026-09-17T10:09:25.363338+00:00,ok,binance_spot_mirror,999,2026-09-17T04:00:00+00:00,0,0,False,,,,nothing_to_send,ok,mex-fwd-1.1.0,35185154435,d7facbd7,
2026-09-17T11:09:46.834147+00:00,ok,binance_spot_mirror,999,2026-09-17T04:00:00+00:00,0,0,False,,,,nothing_to_send,ok,mex-fwd-1.1.0,35185154435,d7facbd7,
2026-09-17T12:00:05.110177+00:00,ok,binance_spot_mirror,999,2026-09-17T08:00:00+00:00,1,0,False,,,,nothing_to_send,ok,mex-fwd-1.1.0,35185154435,d7facbd7,
2026-09-17T13:00:26.977000+00:00,ok,binance_spot_mirror,999,2026-09-17T08:00:00+00:00,0,0,False,,,,nothing_to_send,ok,mex-fwd-1.1.0,35185154435,d7facbd7,
2026-09-17T14:00:48.716772+00:00,ok,binance_spot_mirror,999,2026-09-17T08:00:00+00:00,0,0,False,,,,nothing_to_send,ok,mex-fwd-1.1.0,35185154435,d7facbd7,
2026-09-17T15:01:31.983366+00:00,ok,binance_spot_mirror,999,2026-09-17T08:00:00+00:00,0,0,False,,,,nothing_to_send,ok,mex-fwd-1.1.0,35210214659,47892887,
2026-09-17T16:01:52.894073+00:00,ok,binance_spot_mirror,999,2026-09-17T12:00:00+00:00,1,0,False,,,,nothing_to_send,ok,mex-fwd-1.1.0,35210214659,47892887,
2026-09-17T17:02:14.414791+00:00,ok,binance_spot_mirror,999,2026-09-17T12:00:00+00:00,0,0,False,,,,nothing_to_send,ok,mex-fwd-1.1.0,35210214659,47892887,
2026-09-17T18:02:35.713293+00:00,ok,binance_spot_mirror,999,2026-09-17T12:00:00+00:00,0,0,False,,,,nothing_to_send,ok,mex-fwd-1.1.0,35210214659,47892887,
2026-09-17T19:02:56.986569+00:00,ok,binance_spot_mirror,999,2026-09-17T12:00:00+00:00,0,0,False,,,,nothing_to_send,ok,mex-fwd-1.1.0,35210214659,47892887,
2026-09-17T20:03:41.039361+00:00,ok,binance_spot_mirror,999,2026-09-17T16:00:00+00:00,1,0,False,,,,nothing_to_send,ok,mex-fwd-1.1.0,35263603979,10b65393,
2026-09-17T21:04:02.398051+00:00,ok,binance_spot_mirror,999,2026-09-17T16:00:00+00:00,0,0,False,,,,nothing_to_send,ok,mex-fwd-1.1.0,35263603979,10b65393,
2026-09-17T22:04:21.807131+00:00,ok,binance_spot_mirror,999,2026-09-17T16:00:00+00:00,0,0,False,,,,nothing_to_send,ok,mex-fwd-1.1.0,35263603979,10b65393,
2026-09-17T23:04:40.603052+00:00,ok,binance_spot_mirror,999,2026-09-17T16:00:00+00:00,0,0,False,,,,nothing_to_send,ok,mex-fwd-1.1.0,35263603979,10b65393,
2026-09-18T00:04:59.210879+00:00,ok,binance_spot_mirror,999,2026-09-17T20:00:00+00:00,1,0,False,,,,nothing_to_send,ok,mex-fwd-1.1.0,35263603979,10b65393,
2026-09-18T00:05:03.138989+00:00,heartbeat,binance_spot_mirror,,2026-09-17T20:00:00+00:00,,,False,,,,True,ok,mex-fwd-1.1.0,35263603979,10b65393,
2026-09-18T01:05:22.043228+00:00,ok,binance_spot_mirror,999,2026-09-17T20:00:00+00:00,0,0,False,,,,nothing_to_send,ok,mex-fwd-1.1.0,35263603979,10b65393,
2026-09-18T02:06:03.603030+00:00,ok,binance_spot_mirror,999,2026-09-17T20:00:00+00:00,0,0,False,,,,nothing_to_send,ok,mex-fwd-1.1.0,35292475717,6f1bde76,
2026-09-18T03:06:21.843815+00:00,ok,binance_spot_mirror,999,2026-09-17T20:00:00+00:00,0,0,False,,,,nothing_to_send,ok,mex-fwd-1.1.0,35292475717,6f1bde76,
2026-09-18T04:06:40.020141+00:00,ok,binance_spot_mirror,999,2026-09-18T00:00:00+00:00,1,0,False,,,,nothing_to_send,ok,mex-fwd-1.1.0,35292475717,6f1bde76,
2026-09-18T05:06:58.529487+00:00,ok,binance_spot_mirror,999,2026-09-18T00:00:00+00:00,0,0,False,,,,nothing_to_send,ok,mex-fwd-1.1.0,35292475717,6f1bde76,
2026-09-18T06:07:16.557619+00:00,ok,binance_spot_mirror,999,2026-09-18T00:00:00+00:00,0,0,False,,,,nothing_to_send,ok,mex-fwd-1.1.0,35292475717,6f1bde76,
2026-09-18T07:07:59.712575+00:00,ok,binance_spot_mirror,999,2026-09-18T00:00:00+00:00,0,0,False,,,,nothing_to_send,ok,mex-fwd-1.1.0,35312392590,2947d634,
2026-09-18T08:08:20.752070+00:00,ok,binance_spot_mirror,999,2026-09-18T04:00:00+00:00,1,0,False,,,,nothing_to_send,ok,mex-fwd-1.1.0,35312392590,2947d634,
2026-09-18T09:08:43.763888+00:00,ok,binance_spot_mirror,999,2026-09-18T04:00:00+00:00,0,0,False,,,,nothing_to_send,ok,mex-fwd-1.1.0,35312392590,2947d634,
2026-09-18T10:09:04.955350+00:00,ok,binance_spot_mirror,999,2026-09-18T04:00:00+00:00,0,0,False,,,,nothing_to_send,ok,mex-fwd-1.1.0,35312392590,2947d634,
2026-09-18T11:09:25.788987+00:00,ok,binance_spot_mirror,999,2026-09-18T04:00:00+00:00,0,0,False,,,,nothing_to_send,ok,mex-fwd-1.1.0,35312392590,2947d634,
2026-09-18T12:00:13.476883+00:00,ok,binance_spot_mirror,999,2026-09-18T08:00:00+00:00,1,0,False,,,,nothing_to_send,ok,mex-fwd-1.1.0,35337915145,d1aaadca,
2026-09-18T13:00:32.736922+00:00,ok,binance_spot_mirror,999,2026-09-18T08:00:00+00:00,0,0,False,,,,nothing_to_send,ok,mex-fwd-1.1.0,35337915145,d1aaadca,
2026-09-18T14:00:52.109544+00:00,ok,binance_spot_mirror,999,2026-09-18T08:00:00+00:00,0,0,False,,,,nothing_to_send,ok,mex-fwd-1.1.0,35337915145,d1aaadca,
2026-09-18T15:01:10.757334+00:00,ok,binance_spot_mirror,999,2026-09-18T08:00:00+00:00,0,0,False,,,,nothing_to_send,ok,mex-fwd-1.1.0,35337915145,d1aaadca,
2026-09-18T16:01:28.904982+00:00,ok,binance_spot_mirror,999,2026-09-18T12:00:00+00:00,1,0,False,,,,nothing_to_send,ok,mex-fwd-1.1.0,35337915145,d1aaadca,
2026-09-18T17:01:47.511855+00:00,ok,binance_spot_mirror,999,2026-09-18T12:00:00+00:00,0,0,False,,,,nothing_to_send,ok,mex-fwd-1.1.0,35337915145,d1aaadca,
2026-09-18T18:02:26.927219+00:00,ok,binance_spot_mirror,999,2026-09-18T12:00:00+00:00,0,0,False,,,,nothing_to_send,ok,mex-fwd-1.1.0,35359470860,60d402e9,
2026-09-18T19:02:45.242535+00:00,ok,binance_spot_mirror,999,2026-09-18T12:00:00+00:00,0,0,False,,,,nothing_to_send,ok,mex-fwd-1.1.0,35359470860,60d402e9,
2026-09-18T20:03:04.883509+00:00,ok,binance_spot_mirror,999,2026-09-18T16:00:00+00:00,1,1,False,,,,sent,ok,mex-fwd-1.1.0,35359470860,60d402e9,
2026-09-18T21:03:23.861976+00:00,ok,binance_spot_mirror,999,2026-09-18T16:00:00+00:00,0,0,False,,,,nothing_to_send,ok,mex-fwd-1.1.0,35359470860,60d402e9,
2026-09-18T22:03:42.469877+00:00,ok,binance_spot_mirror,999,2026-09-18T16:00:00+00:00,0,0,False,,,,nothing_to_send,ok,mex-fwd-1.1.0,35359470860,60d402e9,
2026-09-18T23:04:21.114379+00:00,ok,binance_spot_mirror,999,2026-09-18T16:00:00+00:00,0,0,False,,,,nothing_to_send,ok,mex-fwd-1.1.0,35395550221,08625cab,
2026-09-19T00:04:39.485285+00:00,ok,binance_spot_mirror,999,2026-09-18T20:00:00+00:00,1,1,True,long,20260918T1600-L,-0.376,sent,ok,mex-fwd-1.1.0,35395550221,08625cab,
2026-09-19T00:04:44.119378+00:00,heartbeat,binance_spot_mirror,,2026-09-18T20:00:00+00:00,,,True,long,20260918T1600-L,-0.376,True,ok,mex-fwd-1.1.0,35395550221,08625cab,
2026-09-19T01:05:01.409987+00:00,ok,binance_spot_mirror,999,2026-09-18T20:00:00+00:00,0,0,True,long,20260918T1600-L,-0.376,nothing_to_send,ok,mex-fwd-1.1.0,35395550221,08625cab,
2026-09-19T02:05:20.269000+00:00,ok,binance_spot_mirror,999,2026-09-18T20:00:00+00:00,0,0,True,long,20260918T1600-L,-0.376,nothing_to_send,ok,mex-fwd-1.1.0,35395550221,08625cab,
2026-09-19T03:05:38.584973+00:00,ok,binance_spot_mirror,999,2026-09-18T20:00:00+00:00,0,0,True,long,20260918T1600-L,-0.376,nothing_to_send,ok,mex-fwd-1.1.0,35395550221,08625cab,
2026-09-19T04:06:17.540646+00:00,ok,binance_spot_mirror,999,2026-09-19T00:00:00+00:00,1,0,True,long,20260918T1600-L,-0.253,nothing_to_send,ok,mex-fwd-1.1.0,35412987432,d3bbdd90,
2026-09-19T05:06:37.547976+00:00,ok,binance_spot_mirror,999,2026-09-19T00:00:00+00:00,0,0,True,long,20260918T1600-L,-0.253,nothing_to_send,ok,mex-fwd-1.1.0,35412987432,d3bbdd90,
2026-09-19T06:06:57.339535+00:00,ok,binance_spot_mirror,999,2026-09-19T00:00:00+00:00,0,0,True,long,20260918T1600-L,-0.253,nothing_to_send,ok,mex-fwd-1.1.0,35412987432,d3bbdd90,
2026-09-19T07:07:17.428403+00:00,ok,binance_spot_mirror,999,2026-09-19T00:00:00+00:00,0,0,True,long,20260918T1600-L,-0.253,nothing_to_send,ok,mex-fwd-1.1.0,35412987432,d3bbdd90,
2026-09-19T08:07:38.000729+00:00,ok,binance_spot_mirror,999,2026-09-19T04:00:00+00:00,1,0,True,long,20260918T1600-L,-0.149,nothing_to_send,ok,mex-fwd-1.1.0,35412987432,d3bbdd90,
2026-09-19T09:08:04.050230+00:00,ok,binance_spot_mirror,999,2026-09-19T04:00:00+00:00,0,0,True,long,20260918T1600-L,-0.149,nothing_to_send,ok,mex-fwd-1.1.0,35412987432,d3bbdd90,
2026-09-19T10:08:42.734798+00:00,ok,binance_spot_mirror,999,2026-09-19T04:00:00+00:00,0,0,True,long,20260918T1600-L,-0.149,nothing_to_send,ok,mex-fwd-1.1.0,35426930602,79f5ca2d,
2026-09-19T11:09:01.632409+00:00,ok,binance_spot_mirror,999,2026-09-19T04:00:00+00:00,0,0,True,long,20260918T1600-L,-0.149,nothing_to_send,ok,mex-fwd-1.1.0,35426930602,79f5ca2d,
2026-09-19T12:09:21.190609+00:00,ok,binance_spot_mirror,999,2026-09-19T08:00:00+00:00,1,0,True,long,20260918T1600-L,0.045,nothing_to_send,ok,mex-fwd-1.1.0,35426930602,79f5ca2d,
2026-09-19T13:09:40.579076+00:00,ok,binance_spot_mirror,999,2026-09-19T08:00:00+00:00,0,0,True,long,20260918T1600-L,0.045,nothing_to_send,ok,mex-fwd-1.1.0,35426930602,79f5ca2d,
2026-09-19T14:09:59.409909+00:00,ok,binance_spot_mirror,999,2026-09-19T08:00:00+00:00,0,0,True,long,20260918T1600-L,0.045,nothing_to_send,ok,mex-fwd-1.1.0,35426930602,79f5ca2d,
2026-09-19T15:10:39.386750+00:00,ok,binance_spot_mirror,999,2026-09-19T08:00:00+00:00,0,0,True,long,20260918T1600-L,0.045,nothing_to_send,ok,mex-fwd-1.1.0,35440246213,9bc7669f,
2026-09-19T16:00:56.158153+00:00,ok,binance_spot_mirror,999,2026-09-19T12:00:00+00:00,1,0,True,long,20260918T1600-L,0.068,nothing_to_send,ok,mex-fwd-1.1.0,35440246213,9bc7669f,
2026-09-19T17:01:16.124678+00:00,ok,binance_spot_mirror,999,2026-09-19T12:00:00+00:00,0,0,True,long,20260918T1600-L,0.068,nothing_to_send,ok,mex-fwd-1.1.0,35440246213,9bc7669f,
2026-09-19T18:01:36.440589+00:00,ok,binance_spot_mirror,999,2026-09-19T12:00:00+00:00,0,0,True,long,20260918T1600-L,0.068,nothing_to_send,ok,mex-fwd-1.1.0,35440246213,9bc7669f,
2026-09-19T19:01:56.326870+00:00,ok,binance_spot_mirror,999,2026-09-19T12:00:00+00:00,0,0,True,long,20260918T1600-L,0.068,nothing_to_send,ok,mex-fwd-1.1.0,35440246213,9bc7669f,
2026-09-19T20:02:17.640300+00:00,ok,binance_spot_mirror,999,2026-09-19T16:00:00+00:00,1,0,True,long,20260918T1600-L,-0.028,nothing_to_send,ok,mex-fwd-1.1.0,35440246213,9bc7669f,
2026-09-19T21:02:59.349634+00:00,ok,binance_spot_mirror,999,2026-09-19T16:00:00+00:00,0,0,True,long,20260918T1600-L,-0.028,nothing_to_send,ok,mex-fwd-1.1.0,35459667687,8e2aa4b3,
2026-09-19T22:03:18.512574+00:00,ok,binance_spot_mirror,999,2026-09-19T16:00:00+00:00,0,0,True,long,20260918T1600-L,-0.028,nothing_to_send,ok,mex-fwd-1.1.0,35459667687,8e2aa4b3,
2026-09-19T23:03:38.202808+00:00,ok,binance_spot_mirror,999,2026-09-19T16:00:00+00:00,0,0,True,long,20260918T1600-L,-0.028,nothing_to_send,ok,mex-fwd-1.1.0,35459667687,8e2aa4b3,
2026-09-20T00:03:57.618153+00:00,ok,binance_spot_mirror,999,2026-09-19T20:00:00+00:00,1,0,True,long,20260918T1600-L,-0.062,nothing_to_send,ok,mex-fwd-1.1.0,35459667687,8e2aa4b3,
2026-09-20T00:04:01.221014+00:00,heartbeat,binance_spot_mirror,,2026-09-19T20:00:00+00:00,,,True,long,20260918T1600-L,-0.062,True,ok,mex-fwd-1.1.0,35459667687,8e2aa4b3,
2026-09-20T01:04:19.728800+00:00,ok,binance_spot_mirror,999,2026-09-19T20:00:00+00:00,0,0,True,long,20260918T1600-L,-0.062,nothing_to_send,ok,mex-fwd-1.1.0,35459667687,8e2aa4b3,
2026-09-20T02:05:01.966864+00:00,ok,binance_spot_mirror,999,2026-09-19T20:00:00+00:00,0,0,True,long,20260918T1600-L,-0.062,nothing_to_send,ok,mex-fwd-1.1.0,35478529190,516154b6,
2026-09-20T03:05:22.043717+00:00,ok,binance_spot_mirror,999,2026-09-19T20:00:00+00:00,0,0,True,long,20260918T1600-L,-0.062,nothing_to_send,ok,mex-fwd-1.1.0,35478529190,516154b6,
2026-09-20T04:05:42.731285+00:00,ok,binance_spot_mirror,999,2026-09-20T00:00:00+00:00,1,1,False,,,,sent,ok,mex-fwd-1.1.0,35478529190,516154b6,
2026-09-20T05:06:04.935849+00:00,ok,binance_spot_mirror,999,2026-09-20T00:00:00+00:00,0,0,False,,,,nothing_to_send,ok,mex-fwd-1.1.0,35478529190,516154b6,
2026-09-20T06:06:25.249190+00:00,ok,binance_spot_mirror,999,2026-09-20T00:00:00+00:00,0,0,False,,,,nothing_to_send,ok,mex-fwd-1.1.0,35478529190,516154b6,
2026-09-20T07:07:03.789854+00:00,ok,binance_spot_mirror,999,2026-09-20T00:00:00+00:00,0,0,False,,,,nothing_to_send,ok,mex-fwd-1.1.0,35491445676,e22b1dfa,
2026-09-20T08:07:21.894611+00:00,ok,binance_spot_mirror,999,2026-09-20T04:00:00+00:00,1,0,False,,,,nothing_to_send,ok,mex-fwd-1.1.0,35491445676,e22b1dfa,
2026-09-20T09:07:40.213480+00:00,ok,binance_spot_mirror,999,2026-09-20T04:00:00+00:00,0,0,False,,,,nothing_to_send,ok,mex-fwd-1.1.0,35491445676,e22b1dfa,
2026-09-20T10:07:58.933501+00:00,ok,binance_spot_mirror,999,2026-09-20T04:00:00+00:00,0,0,False,,,,nothing_to_send,ok,mex-fwd-1.1.0,35491445676,e22b1dfa,
2026-09-20T11:08:18.006596+00:00,ok,binance_spot_mirror,999,2026-09-20T04:00:00+00:00,0,0,False,,,,nothing_to_send,ok,mex-fwd-1.1.0,35491445676,e22b1dfa,
2026-09-20T12:08:36.346443+00:00,ok,binance_spot_mirror,999,2026-09-20T08:00:00+00:00,1,0,False,,,,nothing_to_send,ok,mex-fwd-1.1.0,35491445676,e22b1dfa,
2026-09-20T13:09:20.495998+00:00,ok,binance_spot_mirror,999,2026-09-20T08:00:00+00:00,0,0,False,,,,nothing_to_send,ok,mex-fwd-1.1.0,35504004579,c6fe9a4c,
2026-09-20T14:09:40.632166+00:00,ok,binance_spot_mirror,999,2026-09-20T08:00:00+00:00,0,0,False,,,,nothing_to_send,ok,mex-fwd-1.1.0,35504004579,c6fe9a4c,
2026-09-20T15:10:01.889835+00:00,ok,binance_spot_mirror,999,2026-09-20T08:00:00+00:00,0,0,False,,,,nothing_to_send,ok,mex-fwd-1.1.0,35504004579,c6fe9a4c,
2026-09-20T16:00:19.514833+00:00,ok,binance_spot_mirror,999,2026-09-20T12:00:00+00:00,1,0,False,,,,nothing_to_send,ok,mex-fwd-1.1.0,35504004579,c6fe9a4c,
2026-09-20T17:00:40.196373+00:00,ok,binance_spot_mirror,999,2026-09-20T12:00:00+00:00,0,0,False,,,,nothing_to_send,ok,mex-fwd-1.1.0,35504004579,c6fe9a4c,
2026-09-20T18:01:22.124606+00:00,ok,binance_spot_mirror,999,2026-09-20T12:00:00+00:00,0,0,False,,,,nothing_to_send,ok,mex-fwd-1.1.0,35515687226,1deefaba,
2026-09-20T19:01:42.620416+00:00,ok,binance_spot_mirror,999,2026-09-20T12:00:00+00:00,0,0,False,,,,nothing_to_send,ok,mex-fwd-1.1.0,35515687226,1deefaba,
2026-09-20T20:02:03.017246+00:00,ok,binance_spot_mirror,999,2026-09-20T16:00:00+00:00,1,0,False,,,,nothing_to_send,ok,mex-fwd-1.1.0,35515687226,1deefaba,
2026-09-20T21:02:23.005571+00:00,ok,binance_spot_mirror,999,2026-09-20T16:00:00+00:00,0,0,False,,,,nothing_to_send,ok,mex-fwd-1.1.0,35515687226,1deefaba,
2026-09-20T22:02:42.855016+00:00,ok,binance_spot_mirror,999,2026-09-20T16:00:00+00:00,0,0,False,,,,nothing_to_send,ok,mex-fwd-1.1.0,35515687226,1deefaba,
2026-09-20T23:03:23.729005+00:00,ok,binance_spot_mirror,999,2026-09-20T16:00:00+00:00,0,0,False,,,,nothing_to_send,ok,mex-fwd-1.1.0,35536492174,76a610ec,
2026-09-21T00:03:42.713111+00:00,ok,binance_spot_mirror,999,2026-09-20T20:00:00+00:00,1,0,False,,,,nothing_to_send,ok,mex-fwd-1.1.0,35536492174,76a610ec,
2026-09-21T00:03:47.156035+00:00,heartbeat,binance_spot_mirror,,2026-09-20T20:00:00+00:00,,,False,,,,True,ok,mex-fwd-1.1.0,35536492174,76a610ec,
2026-09-21T01:04:06.311899+00:00,ok,binance_spot_mirror,999,2026-09-20T20:00:00+00:00,0,0,False,,,,nothing_to_send,ok,mex-fwd-1.1.0,35536492174,76a610ec,
2026-09-21T02:04:25.950433+00:00,ok,binance_spot_mirror,999,2026-09-20T20:00:00+00:00,0,0,False,,,,nothing_to_send,ok,mex-fwd-1.1.0,35536492174,76a610ec,
2026-09-21T03:04:46.130977+00:00,ok,binance_spot_mirror,999,2026-09-20T20:00:00+00:00,0,0,False,,,,nothing_to_send,ok,mex-fwd-1.1.0,35536492174,76a610ec,
2026-09-21T04:05:05.633221+00:00,ok,binance_spot_mirror,999,2026-09-21T00:00:00+00:00,1,1,False,,,,sent,ok,mex-fwd-1.1.0,35536492174,76a610ec,
2026-09-21T05:05:51.944453+00:00,ok,binance_spot_mirror,999,2026-09-21T00:00:00+00:00,0,0,False,,,,nothing_to_send,ok,mex-fwd-1.1.0,35551359847,f768377a,
2026-09-21T06:06:13.255571+00:00,ok,binance_spot_mirror,999,2026-09-21T00:00:00+00:00,0,0,False,,,,nothing_to_send,ok,mex-fwd-1.1.0,35551359847,f768377a,
2026-09-21T07:06:36.685151+00:00,ok,binance_spot_mirror,999,2026-09-21T00:00:00+00:00,0,0,False,,,,nothing_to_send,ok,mex-fwd-1.1.0,35551359847,f768377a,
2026-09-21T08:07:04.518855+00:00,ok,binance_spot_mirror,999,2026-09-21T04:00:00+00:00,1,1,True,long,20260921T0000-L,-0.072,sent,ok,mex-fwd-1.1.0,35551359847,f768377a,
2026-09-21T09:07:31.267917+00:00,ok,binance_spot_mirror,999,2026-09-21T04:00:00+00:00,0,0,True,long,20260921T0000-L,-0.072,nothing_to_send,ok,mex-fwd-1.1.0,35551359847,f768377a,
2026-09-21T10:08:51.756974+00:00,ok,binance_spot_mirror,999,2026-09-21T04:00:00+00:00,0,0,True,ETH:long,20260921T0000-L,-0.072,nothing_to_send,ok,mex-fwd-2.0.0,35571471176,183badc2,
2026-09-21T11:09:31.585428+00:00,ok,binance_spot_mirror,999,2026-09-21T04:00:00+00:00,0,0,True,ETH:long,20260921T0000-L,-0.072,nothing_to_send,ok,mex-fwd-2.0.0,35571471176,183badc2,
2026-09-21T12:00:05.786138+00:00,ok,binance_spot_mirror,999,2026-09-21T08:00:00+00:00,4,3,True,ETH:long,20260921T0000-L,0.996,sent,ok,mex-fwd-2.0.0,35571471176,183badc2,
2026-09-21T13:00:47.927726+00:00,ok,binance_spot_mirror,999,2026-09-21T08:00:00+00:00,0,0,True,ETH:long,20260921T0000-L,0.996,nothing_to_send,ok,mex-fwd-2.0.0,35571471176,183badc2,
2026-09-21T14:01:28.995616+00:00,ok,binance_spot_mirror,999,2026-09-21T08:00:00+00:00,0,0,True,ETH:long,20260921T0000-L,0.996,nothing_to_send,ok,mex-fwd-2.0.0,35571471176,183badc2,
2026-09-21T15:02:10.798352+00:00,ok,binance_spot_mirror,999,2026-09-21T08:00:00+00:00,0,0,True,ETH:long,20260921T0000-L,0.996,nothing_to_send,ok,mex-fwd-2.0.0,35571471176,183badc2,
2026-09-21T16:03:13.255451+00:00,ok,binance_spot_mirror,999,2026-09-21T12:00:00+00:00,4,3,True,ETH:long|DOGE:long|XRP:long|SOL:long,"20260921T0000-L,20260921T0800-L,20260921T0800-L,20260921T0800-L",3.155,sent,ok,mex-fwd-2.0.0,35612658286,ca9333c3,
2026-09-21T17:03:57.588770+00:00,ok,binance_spot_mirror,999,2026-09-21T12:00:00+00:00,0,0,True,ETH:long|DOGE:long|XRP:long|SOL:long,"20260921T0000-L,20260921T0800-L,20260921T0800-L,20260921T0800-L",3.155,nothing_to_send,ok,mex-fwd-2.0.0,35612658286,ca9333c3,
2026-09-21T18:04:35.900672+00:00,ok,binance_spot_mirror,999,2026-09-21T12:00:00+00:00,0,0,True,ETH:long|DOGE:long|XRP:long|SOL:long,"20260921T0000-L,20260921T0800-L,20260921T0800-L,20260921T0800-L",3.155,nothing_to_send,ok,mex-fwd-2.0.0,35612658286,ca9333c3,
2026-09-21T19:05:15.572599+00:00,ok,binance_spot_mirror,999,2026-09-21T12:00:00+00:00,0,0,True,ETH:long|DOGE:long|XRP:long|SOL:long,"20260921T0000-L,20260921T0800-L,20260921T0800-L,20260921T0800-L",3.155,nothing_to_send,ok,mex-fwd-2.0.0,35612658286,ca9333c3,
2026-09-21T20:05:55.126753+00:00,ok,binance_spot_mirror,999,2026-09-21T16:00:00+00:00,4,0,True,ETH:long|DOGE:long|XRP:long|SOL:long,"20260921T0000-L,20260921T0800-L,20260921T0800-L,20260921T0800-L",3.989,nothing_to_send,ok,mex-fwd-2.0.0,35612658286,ca9333c3,
2026-09-21T21:06:58.249061+00:00,ok,binance_spot_mirror,999,2026-09-21T16:00:00+00:00,0,0,True,ETH:long|DOGE:long|XRP:long|SOL:long,"20260921T0000-L,20260921T0800-L,20260921T0800-L,20260921T0800-L",3.989,nothing_to_send,ok,mex-fwd-2.0.0,35646502895,f3dca95a,
2026-09-21T22:07:34.191539+00:00,ok,binance_spot_mirror,999,2026-09-21T16:00:00+00:00,0,0,True,ETH:long|DOGE:long|XRP:long|SOL:long,"20260921T0000-L,20260921T0800-L,20260921T0800-L,20260921T0800-L",3.989,nothing_to_send,ok,mex-fwd-2.0.0,35646502895,f3dca95a,
2026-09-21T23:08:09.340201+00:00,ok,binance_spot_mirror,999,2026-09-21T16:00:00+00:00,0,0,True,ETH:long|DOGE:long|XRP:long|SOL:long,"20260921T0000-L,20260921T0800-L,20260921T0800-L,20260921T0800-L",3.989,nothing_to_send,ok,mex-fwd-2.0.0,35646502895,f3dca95a,
2026-09-22T00:08:45.694080+00:00,ok,binance_spot_mirror,999,2026-09-21T20:00:00+00:00,4,0,True,ETH:long|DOGE:long|XRP:long|SOL:long,"20260921T0000-L,20260921T0800-L,20260921T0800-L,20260921T0800-L",5.362,nothing_to_send,ok,mex-fwd-2.0.0,35646502895,f3dca95a,
2026-09-22T00:08:53.816096+00:00,heartbeat,binance_spot_mirror,,2026-09-21T20:00:00+00:00,,,True,ETH:long|DOGE:long|XRP:long|SOL:long,"20260921T0000-L,20260921T0800-L,20260921T0800-L,20260921T0800-L",5.36,True,ok,mex-fwd-2.0.0,35646502895,f3dca95a,
2026-09-22T01:09:26.478539+00:00,ok,binance_spot_mirror,999,2026-09-21T20:00:00+00:00,0,0,True,ETH:long|DOGE:long|XRP:long|SOL:long,"20260921T0000-L,20260921T0800-L,20260921T0800-L,20260921T0800-L",5.362,nothing_to_send,ok,mex-fwd-2.0.0,35646502895,f3dca95a,
2026-09-22T02:10:28.422603+00:00,ok,binance_spot_mirror,999,2026-09-21T20:00:00+00:00,0,0,True,ETH:long|DOGE:long|XRP:long|SOL:long,"20260921T0000-L,20260921T0800-L,20260921T0800-L,20260921T0800-L",5.362,nothing_to_send,ok,mex-fwd-2.0.0,35677138787,746c465b,
2026-09-22T03:11:05.965500+00:00,ok,binance_spot_mirror,999,2026-09-21T20:00:00+00:00,0,0,True,ETH:long|DOGE:long|XRP:long|SOL:long,"20260921T0000-L,20260921T0800-L,20260921T0800-L,20260921T0800-L",5.362,nothing_to_send,ok,mex-fwd-2.0.0,35677138787,746c465b,
2026-09-22T04:01:35.939422+00:00,ok,binance_spot_mirror,999,2026-09-22T00:00:00+00:00,4,5,False,,,,sent,ok,mex-fwd-2.0.0,35677138787,746c465b,
2026-09-22T05:02:15.836922+00:00,ok,binance_spot_mirror,999,2026-09-22T00:00:00+00:00,0,0,False,,,,nothing_to_send,ok,mex-fwd-2.0.0,35677138787,746c465b,
2026-09-22T06:02:51.199516+00:00,ok,binance_spot_mirror,999,2026-09-22T00:00:00+00:00,0,0,False,,,,nothing_to_send,ok,mex-fwd-2.1.0,35677138787,746c465b,
2026-09-22T07:03:25.627250+00:00,ok,binance_spot_mirror,999,2026-09-22T00:00:00+00:00,0,0,False,,,,nothing_to_send,ok,mex-fwd-2.1.0,35677138787,746c465b,
2026-09-22T08:09:48.559469+00:00,ok,binance_spot_mirror,999,2026-09-22T04:00:00+00:00,4,1,True,DOGE:long,20260922T0000-L,-0.667,sent,ok,mex-fwd-2.1.0,35700680389,50088eb1,
2026-09-22T09:10:29.145581+00:00,ok,binance_spot_mirror,999,2026-09-22T04:00:00+00:00,0,0,True,DOGE:long,20260922T0000-L,-0.667,nothing_to_send,ok,mex-fwd-2.1.0,35700680389,50088eb1,
2026-09-22T10:11:08.777398+00:00,ok,binance_spot_mirror,999,2026-09-22T04:00:00+00:00,0,0,True,DOGE:long,20260922T0000-L,-0.667,nothing_to_send,ok,mex-fwd-2.1.0,35700680389,50088eb1,
2026-09-22T11:11:46.892188+00:00,ok,binance_spot_mirror,999,2026-09-22T04:00:00+00:00,0,0,True,DOGE:long,20260922T0000-L,-0.667,nothing_to_send,ok,mex-fwd-2.1.0,35700680389,50088eb1,
2026-09-22T12:02:19.293393+00:00,ok,binance_spot_mirror,999,2026-09-22T08:00:00+00:00,4,1,False,,,,sent,ok,mex-fwd-2.1.0,35700680389,50088eb1,
2026-09-22T13:03:00.143217+00:00,ok,binance_spot_mirror,999,2026-09-22T08:00:00+00:00,0,0,False,,,,nothing_to_send,ok,mex-fwd-2.1.0,35700680389,50088eb1,
2026-09-22T14:12:23.615450+00:00,ok,binance_spot_mirror,999,2026-09-22T08:00:00+00:00,0,0,False,,,,nothing_to_send,ok,mex-fwd-2.1.0,35732954188,747c4196,
2026-09-22T15:12:56.177801+00:00,ok,binance_spot_mirror,999,2026-09-22T08:00:00+00:00,0,0,False,,,,nothing_to_send,ok,mex-fwd-2.1.0,35732954188,747c4196,
2026-09-22T16:03:23.037326+00:00,ok,binance_spot_mirror,999,2026-09-22T12:00:00+00:00,4,1,False,,,,sent,ok,mex-fwd-2.1.0,35732954188,747c4196,
2026-09-22T17:03:56.946389+00:00,ok,binance_spot_mirror,999,2026-09-22T12:00:00+00:00,0,0,False,,,,nothing_to_send,ok,mex-fwd-2.1.0,35732954188,747c4196,
2026-09-22T18:04:29.603482+00:00,ok,binance_spot_mirror,999,2026-09-22T12:00:00+00:00,0,0,False,,,,nothing_to_send,ok,mex-fwd-2.1.0,35732954188,747c4196,
2026-09-22T19:05:25.900141+00:00,ok,binance_spot_mirror,999,2026-09-22T12:00:00+00:00,0,0,False,,,,nothing_to_send,ok,mex-fwd-2.1.0,35762650302,8d9e7581,
2026-09-22T20:05:58.419465+00:00,ok,binance_spot_mirror,999,2026-09-22T16:00:00+00:00,4,1,True,XRP:long,20260922T1200-L,0.262,sent,ok,mex-fwd-2.1.0,35762650302,8d9e7581,
2026-09-22T21:06:34.512748+00:00,ok,binance_spot_mirror,999,2026-09-22T16:00:00+00:00,0,0,True,XRP:long,20260922T1200-L,0.262,nothing_to_send,ok,mex-fwd-2.1.0,35762650302,8d9e7581,
2026-09-22T22:07:08.189729+00:00,ok,binance_spot_mirror,999,2026-09-22T16:00:00+00:00,0,0,True,XRP:long,20260922T1200-L,0.262,nothing_to_send,ok,mex-fwd-2.1.0,35762650302,8d9e7581,
2026-09-22T23:07:42.322181+00:00,ok,binance_spot_mirror,999,2026-09-22T16:00:00+00:00,0,0,True,XRP:long,20260922T1200-L,0.262,nothing_to_send,ok,mex-fwd-2.1.0,35762650302,8d9e7581,
2026-09-23T00:08:16.053744+00:00,ok,binance_spot_mirror,999,2026-09-22T20:00:00+00:00,4,0,True,XRP:long,20260922T1200-L,0.008,nothing_to_send,ok,mex-fwd-2.1.0,35762650302,8d9e7581,
2026-09-23T00:08:23.237285+00:00,heartbeat,binance_spot_mirror,,2026-09-22T20:00:00+00:00,,,True,XRP:long,20260922T1200-L,0.01,sent,ok,mex-fwd-2.1.0,35762650302,8d9e7581,
2026-09-23T01:09:18.286281+00:00,ok,binance_spot_mirror,999,2026-09-22T20:00:00+00:00,0,0,True,XRP:long,20260922T1200-L,0.008,nothing_to_send,ok,mex-fwd-2.1.0,35799041324,aba9e96e,
2026-09-23T02:09:49.973399+00:00,ok,binance_spot_mirror,999,2026-09-22T20:00:00+00:00,0,0,True,XRP:long,20260922T1200-L,0.008,nothing_to_send,ok,mex-fwd-2.1.0,35799041324,aba9e96e,
2026-09-23T03:10:25.141560+00:00,ok,binance_spot_mirror,999,2026-09-22T20:00:00+00:00,0,0,True,XRP:long,20260922T1200-L,0.008,nothing_to_send,ok,mex-fwd-2.1.0,35799041324,aba9e96e,
2026-09-23T04:00:52.166819+00:00,ok,binance_spot_mirror,999,2026-09-23T00:00:00+00:00,4,0,True,XRP:long,20260922T1200-L,0.777,nothing_to_send,ok,mex-fwd-2.1.0,35799041324,aba9e96e,
2026-09-23T05:01:25.539081+00:00,ok,binance_spot_mirror,999,2026-09-23T00:00:00+00:00,0,0,True,XRP:long,20260922T1200-L,0.777,nothing_to_send,ok,mex-fwd-2.1.0,35799041324,aba9e96e,
2026-09-23T06:02:34.772089+00:00,ok,binance_spot_mirror,999,2026-09-23T00:00:00+00:00,0,0,True,XRP:long,20260922T1200-L,0.777,nothing_to_send,ok,mex-fwd-2.1.0,35819120877,83b40dbb,
2026-09-23T07:03:10.416388+00:00,ok,binance_spot_mirror,999,2026-09-23T00:00:00+00:00,0,0,True,XRP:long,20260922T1200-L,0.777,nothing_to_send,ok,mex-fwd-2.1.0,35819120877,83b40dbb,
2026-09-23T08:03:45.061102+00:00,ok,binance_spot_mirror,999,2026-09-23T04:00:00+00:00,4,0,True,XRP:long,20260922T1200-L,0.753,nothing_to_send,ok,mex-fwd-2.1.0,35819120877,83b40dbb,
2026-09-23T09:04:20.022636+00:00,ok,binance_spot_mirror,999,2026-09-23T04:00:00+00:00,0,0,True,XRP:long,20260922T1200-L,0.753,nothing_to_send,ok,mex-fwd-2.1.0,35819120877,83b40dbb,
2026-09-23T10:04:53.710436+00:00,ok,binance_spot_mirror,999,2026-09-23T04:00:00+00:00,0,0,True,XRP:long,20260922T1200-L,0.753,nothing_to_send,ok,mex-fwd-2.1.0,35819120877,83b40dbb,
2026-09-23T11:05:54.749807+00:00,ok,binance_spot_mirror,999,2026-09-23T04:00:00+00:00,0,0,True,XRP:long,20260922T1200-L,0.753,nothing_to_send,ok,mex-fwd-2.1.0,35845612210,7bf9d9da,
2026-09-23T12:06:27.478840+00:00,ok,binance_spot_mirror,999,2026-09-23T08:00:00+00:00,4,1,False,,,,sent,ok,mex-fwd-2.1.0,35845612210,7bf9d9da,
2026-09-23T13:07:02.819159+00:00,ok,binance_spot_mirror,999,2026-09-23T08:00:00+00:00,0,0,False,,,,nothing_to_send,ok,mex-fwd-2.1.0,35845612210,7bf9d9da,
2026-09-23T14:07:36.433072+00:00,ok,binance_spot_mirror,999,2026-09-23T08:00:00+00:00,0,0,False,,,,nothing_to_send,ok,mex-fwd-2.1.0,35845612210,7bf9d9da,
2026-09-23T15:08:10.978074+00:00,ok,binance_spot_mirror,999,2026-09-23T08:00:00+00:00,0,0,False,,,,nothing_to_send,ok,mex-fwd-2.1.0,35845612210,7bf9d9da,
2026-09-23T16:08:57.732708+00:00,ok,binance_spot_mirror,999,2026-09-23T12:00:00+00:00,4,0,False,,,,nothing_to_send,ok,mex-fwd-2.1.0,35845612210,7bf9d9da,
2026-09-23T17:10:06.470533+00:00,ok,binance_spot_mirror,999,2026-09-23T12:00:00+00:00,0,0,False,,,,nothing_to_send,ok,mex-fwd-2.1.0,35877841003,c2de7709,
2026-09-23T18:10:46.298485+00:00,ok,binance_spot_mirror,999,2026-09-23T12:00:00+00:00,0,0,False,,,,nothing_to_send,ok,mex-fwd-2.1.0,35877841003,c2de7709,
2026-09-23T19:11:24.397772+00:00,ok,binance_spot_mirror,999,2026-09-23T12:00:00+00:00,0,0,False,,,,nothing_to_send,ok,mex-fwd-2.1.0,35877841003,c2de7709,
2026-09-23T20:01:57.815137+00:00,ok,binance_spot_mirror,999,2026-09-23T16:00:00+00:00,4,0,False,,,,nothing_to_send,ok,mex-fwd-2.1.0,35877841003,c2de7709,
2026-09-23T21:02:36.496601+00:00,ok,binance_spot_mirror,999,2026-09-23T16:00:00+00:00,0,0,False,,,,nothing_to_send,ok,mex-fwd-2.1.0,35877841003,c2de7709,
2026-09-23T22:03:40.131083+00:00,ok,binance_spot_mirror,999,2026-09-23T16:00:00+00:00,0,0,False,,,,nothing_to_send,ok,mex-fwd-2.1.0,35906275635,967a52bf,
