symbol,group,binance,bars,gaps,first_bar,kline_months,funding_months,still_open,hl_exp_R,status,avg_trade_pct,return_1x_pct,max_dd_1x_pct,trades,win_rate,exp_R,total_R,profit_factor,max_dd_R,return_pct,max_dd_pct,t_stat,avg_bars_held
ETH,L,ETHUSDT,7482,0,2020-01-01T00:00:00+00:00,42,42,0,0.2130181996201569,diuji,0.6075889072498566,99.27420457009282,24.4875500593431,134,0.417910447761194,0.19572371414183296,26.226977695005615,1.5993181323734973,6.64289447869189,28.82370001192376,6.477455139418931,1.962156855025541,4.91044776119403
XRP,L,XRPUSDT,7420,30,2020-01-06T08:00:00+00:00,42,42,0,0.3651326918324037,diuji,0.10189188845146134,-20.4676037351321,52.857523212349754,155,0.3225806451612903,-0.0041425124320237355,-0.642089426963679,0.9902943249217859,14.352215886183519,-1.846708234517458,13.487042138458506,-0.040465108888225756,3.7548387096774194
SOL,L,SOLUSDT,5909,30,2020-09-14T04:00:00+00:00,34,34,0,0.1838188866888316,diuji,-0.0790241768749632,-35.024922609720186,63.0122845296724,106,0.3113207547169811,-0.03167424043113881,-3.3574694857007144,0.9266508369594516,12.511973944626078,-4.000074232889905,11.881709121481599,-0.2752882306576634,3.8867924528301887
DOGE,L,DOGEUSDT,6334,0,2020-07-10T08:00:00+00:00,36,36,0,0.3914724505990907,diuji,3.256383722257677,852.8071342865278,64.97517000840791,134,0.40298507462686567,0.19960766328229224,26.74742687982716,1.4729910050762274,14.350564391290106,27.77938043381505,13.442983967795797,1.2373216769616149,3.58955223880597
TAO,L,TAOUSDT,0,0,,0,0,0,0.2365853492581264,tidak ada data,,0.0,0.0,0,,,0.0,,0.0,0.0,0.0,,
MNT,L,MNTUSDT,0,0,,0,0,0,0.2053589019095373,tidak ada data,,0.0,0.0,0,,,0.0,,0.0,0.0,0.0,,
SUI,L,SUIUSDT,170,0,2023-05-03T16:00:00+00:00,2,2,0,0.2135275264103128,< 300 bar,,0.0,0.0,0,,,0.0,,0.0,0.0,0.0,,
SHIB,L,1000SHIBUSDT,4508,0,2021-05-10T16:00:00+00:00,26,26,0,0.1947216084083046,diuji,-0.2343303977297366,-31.52791321636952,57.86266593419364,79,0.34177215189873417,-0.09300437965301289,-7.347345992588019,0.7887315156736475,15.61032554891094,-7.5209375951656,14.621702277498006,-0.7477239525639626,3.481012658227848
DOT,L,DOTUSDT,6077,0,2020-08-22T04:00:00+00:00,35,35,0,0.18358428738158,diuji,-0.5595831935405363,-53.886405772191814,65.58921864134166,114,0.3157894736842105,-0.1479411228142102,-16.865288000819962,0.660000011896011,22.548665143073354,-15.912888858289097,20.369998183509498,-1.7569748113600119,3.692982456140351
ENA,L,ENAUSDT,0,0,,0,0,0,0.1505313162664764,tidak ada data,,0.0,0.0,0,,,0.0,,0.0,0.0,0.0,,
LINK,L,LINKUSDT,7384,0,2020-01-17T08:00:00+00:00,42,42,0,0.1360865692210703,diuji,-0.5148110472142242,-64.41820404193807,78.19084230613495,168,0.35119047619047616,-0.04602826464236937,-7.732748459918055,0.8739929122601716,20.258452153680107,-8.15253558632122,18.66373121427445,-0.6177028948678882,4.107142857142857
NEAR,L,NEARUSDT,5722,30,2020-10-15T08:00:00+00:00,33,33,0,0.124050879563719,diuji,-0.9071585809284706,-77.34354683920665,77.90090642260706,133,0.3458646616541353,-0.09603779702797603,-12.773027004720813,0.7596854981810307,16.586587606931772,-12.518513498124628,15.431577978224965,-1.160375097447227,3.7142857142857144
BNB,O,BNBUSDT,7240,0,2020-02-10T08:00:00+00:00,41,41,0,-0.0726808098408917,diuji,0.15354511509769267,5.533999287878988,51.93846458149605,154,0.38311688311688313,0.008638386520005524,1.3303115240808507,1.0234529193838802,16.833598674589155,0.5392371189329559,15.589687918293127,0.10464456437909099,4.720779220779221
TRX,O,TRXUSDT,7366,30,2020-01-15T08:00:00+00:00,42,42,0,0.0534467008684345,diuji,0.0492496273081448,-8.803104264358918,40.54051179498398,166,0.3373493975903614,-0.04425984209837275,-7.347133788329876,0.8946452739431625,15.535783601614995,-8.077525146285925,14.710679878352394,-0.4968242014495705,3.6144578313253013
ADA,O,ADAUSDT,7300,0,2020-01-31T08:00:00+00:00,42,42,0,-0.0468989771408821,diuji,0.9799118372304166,219.37063751959576,28.589281692630706,139,0.460431654676259,0.2280555418631999,31.699720318984788,1.7052566227008463,7.478838978167939,35.962841586975536,7.2856628211755865,2.2819350627963013,4.071942446043166
XLM,O,XLMUSDT,7336,30,2020-01-20T08:00:00+00:00,42,42,0,0.1686950353796062,diuji,0.8467613928500514,100.92872785244023,44.228620575170865,141,0.3546099290780142,0.1706295083842844,24.0587606821841,1.4660312408370442,6.899187035979839,25.37833050492495,6.788515022660791,1.401880110441001,3.617021276595745
BCH,O,BCHUSDT,7482,0,2020-01-01T00:00:00+00:00,42,42,0,0.0129478393844079,diuji,0.05234387512864863,-7.147925693779833,42.67365237681441,149,0.37583892617449666,-0.013208495652327013,-1.968065852196725,0.9653234656184541,14.924253124793365,-2.749090745739746,14.178349921328714,-0.1521107543025699,4.523489932885906
UNI,O,UNIUSDT,5915,0,2020-09-18T04:00:00+00:00,34,34,0,0.0734348832158812,diuji,-0.3645181566124631,-43.692021284059294,57.0833290697113,111,0.32432432432432434,-0.039730755171713865,-4.410113824060239,0.90345527026758,11.388557382407926,-4.856840756179137,11.055845770660932,-0.41003698300980007,3.972972972972973
LTC,O,LTCUSDT,7402,30,2020-01-09T08:00:00+00:00,42,42,0,-0.1188405749046062,diuji,-0.5381873017765326,-60.95699853854867,63.41864766274461,155,0.3419354838709677,-0.11526556824527681,-17.866163078017905,0.7050011036769107,19.980208291100677,-16.850632292873268,18.411627041070865,-1.6526774799177635,4.47741935483871
AVAX,O,AVAXUSDT,5885,0,2020-09-23T04:00:00+00:00,34,34,0,0.122460373151948,diuji,-0.34719746220536496,-38.8781638588517,58.38968171864798,109,0.4036697247706422,-0.0886228576977554,-9.659891489055338,0.7402072452463115,14.920398127310389,-9.432197134941111,14.036244604775906,-1.3794641850277243,3.8073394495412844
HBAR,O,HBARUSDT,4805,30,2021-03-17T04:00:00+00:00,28,28,0,0.0781170109923136,diuji,-0.4251372782890435,-37.81774295021408,54.29064246016581,87,0.3333333333333333,-0.07376766169618733,-6.417786567568298,0.8168621095307927,13.33784262218391,-6.569213113602402,12.653055479668062,-0.7340392580249031,3.2988505747126435
AAVE,O,AAVEUSDT,5747,0,2020-10-16T04:00:00+00:00,33,33,0,0.0433530854245105,diuji,-0.6907435683688401,-60.36209373283376,69.09909120802769,110,0.34545454545454546,-0.09296680461708817,-10.226348507879699,0.7652556271378003,13.699895794829136,-10.12684930844796,13.158084000264692,-1.0735500749776097,3.590909090909091
ONDO,O,ONDOUSDT,0,0,,0,0,0,0.0010778878435937,tidak ada data,,0.0,0.0,0,,,0.0,,0.0,0.0,0.0,,
WLD,O,WLDUSDT,0,0,,0,0,0,0.1182866329142879,tidak ada data,,0.0,0.0,0,,,0.0,,0.0,0.0,0.0,,
