symbol,sel_return_pct,sel_exp_R,sel_trades,sel_rank,group,window
DOGE,25.040117014985675,0.5443287274634132,42,1,top,WF1
SHIB,16.5180020862421,0.43538600961676066,36,2,top,WF1
LINK,13.839174824113897,0.34108441601748335,39,3,top,WF1
SUI,10.265437306985103,0.27552588151521445,37,4,top,WF1
AVAX,9.889415112006827,0.23485558365451073,41,5,top,WF1
XRP,9.87659206471867,0.21302634310473312,46,6,top,WF1
WLD,9.33007132655137,0.2491539453375164,37,7,top,WF1
SOL,8.212326198385146,0.22673553370399308,36,8,top,WF1
ENA,7.629705196693837,0.18855400111862025,40,9,top,WF1
ETH,7.501314669945169,0.20240911390503472,38,10,top,WF1
TRX,6.706808270215392,0.14833302233265516,46,11,top,WF1
MNT,6.705352977001189,0.18969324645284677,35,12,top,WF1
TAO,5.778535849366073,0.1674813618891297,35,13,bottom,WF1
UNI,4.384345284684921,0.1005745398730395,46,14,bottom,WF1
HBAR,2.589458882726503,0.06446076682851719,43,15,bottom,WF1
AAVE,2.472585269476024,0.06204631504164919,45,16,bottom,WF1
NEAR,1.180214803628843,0.03621764174554599,40,17,bottom,WF1
DOT,0.19719705169018997,0.012400591652613053,41,18,bottom,WF1
ADA,-0.9967071444488496,-0.015070876644317685,43,19,bottom,WF1
XLM,-1.6865818857268233,-0.07355924592884082,22,20,bottom,WF1
BNB,-3.289799320366571,-0.07800359150612995,41,21,bottom,WF1
BCH,-3.625261631423171,-0.08116389829665269,43,22,bottom,WF1
LTC,-7.764477315529406,-0.17327834375242568,46,23,bottom,WF1
ONDO,-8.296447081545121,-0.1943464930976571,44,24,bottom,WF1
DOGE,33.127971087211684,0.5865219872714967,50,1,top,WF2
WLD,18.493676251960455,0.37216013436579126,47,2,top,WF2
AVAX,17.152179302692883,0.35184863776414416,46,3,top,WF2
XRP,16.913633478405686,0.3370921823726847,48,4,top,WF2
ENA,15.864229489019266,0.3164219737576968,48,5,top,WF2
SUI,15.218934922326754,0.3859728438806565,38,6,top,WF2
SHIB,13.38441443712286,0.2960712787791913,44,7,top,WF2
ETH,13.23161801122421,0.271013837703967,48,8,top,WF2
MNT,13.177430403574908,0.27649124813160336,46,9,top,WF2
LINK,11.375106572797966,0.23302713388310717,48,10,top,WF2
XLM,10.826829966418483,0.35626612235165195,30,11,top,WF2
TRX,10.809864984557827,0.21282220597723245,50,12,top,WF2
SOL,8.507079403839569,0.17703835400329546,48,13,bottom,WF2
DOT,8.149374902114982,0.1865420807216906,44,14,bottom,WF2
HBAR,7.726483776453885,0.1506628821593811,54,15,bottom,WF2
TAO,6.429629806820558,0.16706613474504772,39,16,bottom,WF2
ADA,5.571515069773647,0.12812961349869084,46,17,bottom,WF2
NEAR,5.150062593963334,0.12399462482528782,43,18,bottom,WF2
UNI,-1.1390063222997404,-0.01679156599916159,51,19,bottom,WF2
LTC,-2.0260210105779497,-0.032632491900134765,54,20,bottom,WF2
AAVE,-2.2491461654844946,-0.04441349519149712,44,21,bottom,WF2
BNB,-3.786289855387792,-0.07952309102655084,46,22,bottom,WF2
BCH,-6.778888566263797,-0.1337768369142037,51,23,bottom,WF2
ONDO,-11.959040192717973,-0.22833204353465184,55,24,bottom,WF2
ETH,18.941646558641235,0.4267931275669219,42,1,top,WF3
WLD,18.633532829864798,0.46333088196291233,38,2,top,WF3
DOGE,16.435456355961332,0.40104740444320497,39,3,top,WF3
ENA,13.873129785767158,0.41712130119858715,32,4,top,WF3
XLM,11.129544484109699,0.3650524077484182,30,5,top,WF3
SUI,9.136777493723326,0.27706845725309504,33,6,top,WF3
HBAR,7.785910996547907,0.21115560113124587,39,7,top,WF3
NEAR,7.760404280639999,0.21021637845772814,37,8,top,WF3
AVAX,6.641062743799098,0.18571915478441495,36,9,top,WF3
XRP,6.38403063112869,0.1826242852661205,36,10,top,WF3
SOL,5.804012851911788,0.14856467775398802,40,11,top,WF3
SHIB,5.1178640801033515,0.16303716993981918,32,12,top,WF3
TAO,4.8763324700504596,0.14541844207692925,34,13,bottom,WF3
MNT,3.7452963220277136,0.07951881116465638,51,14,bottom,WF3
DOT,2.286272745613993,0.07343083313804732,35,15,bottom,WF3
LINK,2.23444442500933,0.05867939513635453,42,16,bottom,WF3
UNI,1.7237629280461686,0.04904768321347335,39,17,bottom,WF3
BNB,-0.3695309290320026,-0.0034414079124329886,48,18,bottom,WF3
AAVE,-0.6003856179316758,-0.007193990037629607,39,19,bottom,WF3
TRX,-3.1158344762523327,-0.06627857470580335,44,20,bottom,WF3
ADA,-4.478987768428722,-0.11661680808053973,37,21,bottom,WF3
LTC,-4.766995307166921,-0.08805066076933504,52,22,bottom,WF3
BCH,-6.571757484751051,-0.14062849494654958,47,23,bottom,WF3
ONDO,-11.774334389130804,-0.33500495416005976,37,24,bottom,WF3
ETH,18.440847036258745,0.3805469839429049,46,1,top,WF4
WLD,17.68251993244252,0.44245402611335677,38,2,top,WF4
DOGE,15.612095787488478,0.3480322635161608,43,3,top,WF4
ENA,13.21456655892752,0.33658476493224504,38,4,top,WF4
SUI,12.269478446614679,0.30882690785460937,39,5,top,WF4
HBAR,11.625588828043742,0.34498274832081055,34,6,top,WF4
XLM,11.062644550619627,0.43412534117422935,25,7,top,WF4
DOT,10.696150918423509,0.3379822762209022,31,8,top,WF4
MNT,10.128338504566447,0.2046143609760607,49,9,top,WF4
XRP,8.538185799980958,0.24045465761034018,36,10,top,WF4
NEAR,5.623446862249493,0.13499330355092198,43,11,top,WF4
SHIB,5.065735240131364,0.16138130762237915,32,12,top,WF4
UNI,4.505822067228471,0.10356659938099036,45,13,bottom,WF4
TAO,3.9022633606625057,0.10059076110888121,40,14,bottom,WF4
AVAX,1.2044596330742063,0.03345188564331501,44,15,bottom,WF4
LINK,0.22528652816093953,0.010209510158262363,46,16,bottom,WF4
AAVE,-0.596596612670186,-0.008374676476962717,40,17,bottom,WF4
SOL,-1.699021563310843,-0.03367200037395656,45,18,bottom,WF4
TRX,-2.1332269900884215,-0.04325130782994814,45,19,bottom,WF4
ADA,-2.373494177794966,-0.052274798907357665,40,20,bottom,WF4
LTC,-2.9711118261609437,-0.05397917440900105,50,21,bottom,WF4
BNB,-4.438646390392176,-0.08858888240220444,49,22,bottom,WF4
ONDO,-8.647525672597279,-0.27001088323392036,33,23,bottom,WF4
BCH,-13.753516728665394,-0.28774601895986984,51,24,bottom,WF4
XLM,15.854231910202653,0.5395469962243339,28,1,top,WF5
XRP,13.953281289128071,0.41155873635226115,33,2,top,WF5
NEAR,10.673654983869941,0.22208707564856978,48,3,top,WF5
DOGE,8.836273798952421,0.19764424264559682,45,4,top,WF5
MNT,8.231383270860926,0.17672836490042806,47,5,top,WF5
ETH,8.117974961055241,0.18805060470344429,43,6,top,WF5
DOT,7.39910252755045,0.229200856937665,32,7,top,WF5
SUI,7.299601885855522,0.17153178919721976,43,8,top,WF5
TAO,7.18065302723645,0.16161976876712245,44,9,top,WF5
ONDO,5.6006382291782675,0.14858197602373746,38,10,top,WF5
HBAR,4.5457507074963655,0.14049733834287464,37,11,top,WF5
WLD,3.830508637644181,0.0967841343008638,43,12,top,WF5
ENA,2.635050851534193,0.07445524423288517,40,13,bottom,WF5
SOL,0.1346727982899587,0.007138547442899794,46,14,bottom,WF5
AAVE,-0.4572085526232006,-0.004660137197310206,38,15,bottom,WF5
TRX,-0.5715370335060754,-0.007184203856247038,47,16,bottom,WF5
AVAX,-1.596342814371443,-0.03239321891327781,41,17,bottom,WF5
SHIB,-2.788257155601015,-0.07106546087390078,36,18,bottom,WF5
LINK,-2.819445073949578,-0.05239981394328978,49,19,bottom,WF5
LTC,-4.421456587753337,-0.08383265267546433,50,20,bottom,WF5
UNI,-5.400183950517579,-0.13929574144593967,39,21,bottom,WF5
BCH,-6.82329160792322,-0.1735952883995775,40,22,bottom,WF5
ADA,-7.227771999993971,-0.19494821677542618,37,23,bottom,WF5
BNB,-10.085545460443491,-0.20887932484423974,50,24,bottom,WF5
DOGE,25.435608007859088,0.4383094921551289,53,1,top,H1 → H2
XRP,19.571728183329085,0.3572914656714606,52,2,top,H1 → H2
LINK,17.922650617585624,0.36820829412769973,46,3,top,H1 → H2
SHIB,16.10005234830325,0.3490425362637108,44,4,top,H1 → H2
AVAX,14.896988516605303,0.295717231179531,48,5,top,H1 → H2
ENA,13.953718409532435,0.2814218231560574,48,6,top,H1 → H2
HBAR,13.780984866178692,0.26238709651992054,52,7,top,H1 → H2
SUI,13.133219346488856,0.29207320581946355,44,8,top,H1 → H2
MNT,11.790318416746537,0.29252235827524764,39,9,top,H1 → H2
WLD,11.05134614724308,0.2528527226898474,43,10,top,H1 → H2
TRX,10.35129032399924,0.18689012635034744,55,11,top,H1 → H2
ETH,10.255387599909604,0.2185784062153048,47,12,top,H1 → H2
XLM,9.586263803175532,0.34139294444114665,28,13,bottom,H1 → H2
SOL,7.932237103100825,0.17657544089513305,45,14,bottom,H1 → H2
TAO,7.288664674824408,0.18272977543593125,40,15,bottom,H1 → H2
NEAR,4.818004982438429,0.10843455377907553,47,16,bottom,H1 → H2
ADA,3.984447305804939,0.09051345725632663,48,17,bottom,H1 → H2
DOT,3.258895415215468,0.07815857766516734,46,18,bottom,H1 → H2
UNI,1.4086378983777736,0.031719467551972684,55,19,bottom,H1 → H2
LTC,0.7915093126213524,0.020556823339791922,52,20,bottom,H1 → H2
AAVE,0.3836759657881439,0.015097581346257332,49,21,bottom,H1 → H2
BCH,-4.858135668793084,-0.09329605446573119,51,22,bottom,H1 → H2
BNB,-5.484325875241625,-0.10508153938548472,52,23,bottom,H1 → H2
ONDO,-9.005136611682962,-0.1781441131305573,52,24,bottom,H1 → H2
DOGE,16.575686818941126,0.33865621224866466,47,1,top,H2 → H1
TAO,15.244186749948142,0.27801271373673814,52,2,top,H2 → H1
XRP,14.49714155325308,0.3761527934639995,37,3,top,H2 → H1
DOT,12.572288512601704,0.3048238535554547,40,4,top,H2 → H1
ETH,10.132046953486507,0.2076849402329743,49,5,top,H2 → H1
ONDO,9.637378167813404,0.2178114704169857,43,6,top,H2 → H1
SOL,9.390702835158994,0.19047103078508545,49,7,top,H2 → H1
MNT,9.005973053559234,0.14963144620031268,61,8,top,H2 → H1
NEAR,7.61412152667289,0.13670548838920593,58,9,top,H2 → H1
SUI,6.952558524978203,0.14299671224699376,49,10,top,H2 → H1
BCH,5.7618056875620605,0.12823376675370785,47,11,top,H2 → H1
UNI,5.746769864997114,0.12025830896108469,49,12,top,H2 → H1
AAVE,3.3162176041185543,0.06947609862893328,53,13,bottom,H2 → H1
SHIB,0.8460770571730558,0.029108905343966502,41,14,bottom,H2 → H1
XLM,0.8171695603208962,0.026473227917161207,34,15,bottom,H2 → H1
ENA,0.8102693393468252,0.02734025095863559,51,16,bottom,H2 → H1
WLD,-0.2298621820266744,0.002559795707306769,50,17,bottom,H2 → H1
BNB,-2.314263866337607,-0.040280080296298884,52,18,bottom,H2 → H1
AVAX,-2.8058792412977818,-0.05448280100388138,47,19,bottom,H2 → H1
LINK,-2.8820084493234366,-0.04488969087562379,59,20,bottom,H2 → H1
TRX,-4.59938161857284,-0.08503232557506005,53,21,bottom,H2 → H1
HBAR,-6.469003847149446,-0.1555913901646512,41,22,bottom,H2 → H1
ADA,-8.52272134164842,-0.20028960158427814,43,23,bottom,H2 → H1
LTC,-14.616194202367039,-0.2223929278861592,70,24,bottom,H2 → H1
